<OpenSimDocument Version="40000">
    <ExternalLoads name="DJ4">
        <objects>
            <ExternalForce name="ForcePlate1">
                <applied_to_body>talus_r</applied_to_body>
                <force_expressed_in_body>ground</force_expressed_in_body>
                <point_expressed_in_body>ground</point_expressed_in_body>
                <force_identifier>ground_force_1_v</force_identifier>
                <point_identifier>ground_force_1_p</point_identifier>
                <torque_identifier>ground_force_1_m</torque_identifier>
            </ExternalForce>
            <ExternalForce name="ForcePlate2">
                <applied_to_body>talus_r</applied_to_body>
                <force_expressed_in_body>ground</force_expressed_in_body>
                <point_expressed_in_body>ground</point_expressed_in_body>
                <force_identifier>ground_force_2_v</force_identifier>
                <point_identifier>ground_force_2_p</point_identifier>
                <torque_identifier>ground_force_2_m</torque_identifier>
            </ExternalForce>
            <ExternalForce name="ForcePlate3">
                <applied_to_body>talus_r</applied_to_body>
                <force_expressed_in_body>ground</force_expressed_in_body>
                <point_expressed_in_body>ground</point_expressed_in_body>
                <force_identifier>ground_force_3_v</force_identifier>
                <point_identifier>ground_force_3_p</point_identifier>
                <torque_identifier>ground_force_3_m</torque_identifier>
            </ExternalForce>
        </objects>
        <datafile>DJ4_grf_raw.mot</datafile>
    </ExternalLoads>
</OpenSimDocument>
