<OpenSimDocument Version="40000">
    <InverseDynamicsTool name="DJ4">
        <model_file>../Models/final.osim</model_file>
        <forces_to_exclude>Muscles</forces_to_exclude>
        <time_range> 1.590000 2.930000</time_range>
        <external_loads_file>DJ4_external_forces_raw.xml</external_loads_file>
        <coordinates_file>../IK/DJ4_ik.mot</coordinates_file>
        <output_gen_force_file>DJ4_osim_id_raw.sto</output_gen_force_file>
        <joints_to_report_body_forces/>
        <output_body_forces_file>DJ4_id_body_forces_raw.sto</output_body_forces_file>
    </InverseDynamicsTool>
</OpenSimDocument>
