<OpenSimDocument Version="40000">
    <InverseDynamicsTool name="run200">
        <model_file>../Models/final.osim</model_file>
        <forces_to_exclude>Muscles</forces_to_exclude>
        <time_range> 0.233333 2.266667</time_range>
        <external_loads_file>run200_external_forces_raw.xml</external_loads_file>
        <coordinates_file>../IK/run200_ik.mot</coordinates_file>
        <output_gen_force_file>run200_osim_id_raw.sto</output_gen_force_file>
        <joints_to_report_body_forces/>
        <output_body_forces_file>run200_id_body_forces_raw.sto</output_body_forces_file>
    </InverseDynamicsTool>
</OpenSimDocument>
