<OpenSimDocument Version="40000">
    <ScaleTool name="optimized_scale_and_markers">
        <mass>75.7000000000</mass>
        <height>1.8500000000</height>
        <age>-1</age>
        <notes>Unassigned</notes>
        <GenericModelMaker>
            <model_file>Models/unscaled_but_with_optimized_markers.osim</model_file>
            <marker_set_file>Unassigned</marker_set_file>
        </GenericModelMaker>
        <MarkerPlacer>
            <apply>false</apply>
        </MarkerPlacer>
        <ModelScaler>
            <apply>true</apply>
            <scaling_order> manualScale</scaling_order>
            <MeasurementSet>
                <objects/>
                <groups/>
            </MeasurementSet>
            <ScaleSet>
                <objects>
                    <Scale>
                        <scales> 1.0729002057 1.0495178842 1.1116769144</scales>
                        <segment>pelvis</segment>
                        <apply>true</apply>
                    </Scale>
                    <Scale>
                        <scales> 1.0994577630 1.0927802130 1.1149531291</scales>
                        <segment>femur_r</segment>
                        <apply>true</apply>
                    </Scale>
                    <Scale>
                        <scales> 1.1520206060 1.1526132092 1.1414357007</scales>
                        <segment>tibia_r</segment>
                        <apply>true</apply>
                    </Scale>
                    <Scale>
                        <scales> 1.2141048655 1.2334207449 1.2216668243</scales>
                        <segment>talus_r</segment>
                        <apply>true</apply>
                    </Scale>
                    <Scale>
                        <scales> 1.2196906314 1.2156463313 1.2113845423</scales>
                        <segment>calcn_r</segment>
                        <apply>true</apply>
                    </Scale>
                    <Scale>
                        <scales> 1.1253923671 1.1252647739 1.1253329577</scales>
                        <segment>toes_r</segment>
                        <apply>true</apply>
                    </Scale>
                    <Scale>
                        <scales> 1.0994577630 1.0927802130 1.1149531291</scales>
                        <segment>femur_l</segment>
                        <apply>true</apply>
                    </Scale>
                    <Scale>
                        <scales> 1.1520206060 1.1526132092 1.1414357007</scales>
                        <segment>tibia_l</segment>
                        <apply>true</apply>
                    </Scale>
                    <Scale>
                        <scales> 1.2141048655 1.2334207449 1.2216668243</scales>
                        <segment>talus_l</segment>
                        <apply>true</apply>
                    </Scale>
                    <Scale>
                        <scales> 1.2196906314 1.2156463313 1.2113845423</scales>
                        <segment>calcn_l</segment>
                        <apply>true</apply>
                    </Scale>
                    <Scale>
                        <scales> 1.1253923671 1.1252647739 1.1253329577</scales>
                        <segment>toes_l</segment>
                        <apply>true</apply>
                    </Scale>
                    <Scale>
                        <scales> 1.1684907868 1.0657978165 1.0810518835</scales>
                        <segment>torso</segment>
                        <apply>true</apply>
                    </Scale>
                    <Scale>
                        <scales> 1.1250592260 1.1321882044 1.1158354740</scales>
                        <segment>humerus_r</segment>
                        <apply>true</apply>
                    </Scale>
                    <Scale>
                        <scales> 1.0489042303 1.0418273467 1.0476844223</scales>
                        <segment>ulna_r</segment>
                        <apply>true</apply>
                    </Scale>
                    <Scale>
                        <scales> 1.0489042303 1.0418273467 1.0476844223</scales>
                        <segment>radius_r</segment>
                        <apply>true</apply>
                    </Scale>
                    <Scale>
                        <scales> 1.1225306944 1.1225306944 1.1225306944</scales>
                        <segment>hand_r</segment>
                        <apply>true</apply>
                    </Scale>
                    <Scale>
                        <scales> 1.1250592260 1.1321882044 1.1158354740</scales>
                        <segment>humerus_l</segment>
                        <apply>true</apply>
                    </Scale>
                    <Scale>
                        <scales> 1.0489042303 1.0418273467 1.0476844223</scales>
                        <segment>ulna_l</segment>
                        <apply>true</apply>
                    </Scale>
                    <Scale>
                        <scales> 1.0489042303 1.0418273467 1.0476844223</scales>
                        <segment>radius_l</segment>
                        <apply>true</apply>
                    </Scale>
                    <Scale>
                        <scales> 1.1225306944 1.1225306944 1.1225306944</scales>
                        <segment>hand_l</segment>
                        <apply>true</apply>
                    </Scale>
                </objects>
            </ScaleSet>
            <marker_file>Unassigned</marker_file>
            <time_range> -1 1</time_range>
            <preserve_mass_distribution>false</preserve_mass_distribution>
            <output_model_file>Models/optimized_scale_and_markers.osim</output_model_file>
            <output_scale_file>Unassigned</output_scale_file>
        </ModelScaler>
    </ScaleTool>
</OpenSimDocument>
