<OpenSimDocument Version="40000">
    <ScaleTool name="optimized_scale_and_markers">
        <mass>72.8400000000</mass>
        <height>1.7680000000</height>
        <age>-1</age>
        <notes>Unassigned</notes>
        <GenericModelMaker>
            <model_file>Models/unscaled_but_with_optimized_markers.osim</model_file>
            <marker_set_file>Unassigned</marker_set_file>
        </GenericModelMaker>
        <MarkerPlacer>
            <apply>false</apply>
        </MarkerPlacer>
        <ModelScaler>
            <apply>true</apply>
            <scaling_order> manualScale</scaling_order>
            <MeasurementSet>
                <objects/>
                <groups/>
            </MeasurementSet>
            <ScaleSet>
                <objects>
                    <Scale>
                        <scales> 0.9785162561 0.9714204548 0.9796287436</scales>
                        <segment>pelvis</segment>
                        <apply>true</apply>
                    </Scale>
                    <Scale>
                        <scales> 1.1382006604 1.1326372808 1.1381421019</scales>
                        <segment>femur_r</segment>
                        <apply>true</apply>
                    </Scale>
                    <Scale>
                        <scales> 1.0810223504 1.0740552726 1.0808368925</scales>
                        <segment>tibia_r</segment>
                        <apply>true</apply>
                    </Scale>
                    <Scale>
                        <scales> 1.1196626812 1.1224247956 1.1199985322</scales>
                        <segment>talus_r</segment>
                        <apply>true</apply>
                    </Scale>
                    <Scale>
                        <scales> 1.1313690071 1.1289032819 1.1239897991</scales>
                        <segment>calcn_r</segment>
                        <apply>true</apply>
                    </Scale>
                    <Scale>
                        <scales> 1.0863690662 1.0862277713 1.0862710608</scales>
                        <segment>toes_r</segment>
                        <apply>true</apply>
                    </Scale>
                    <Scale>
                        <scales> 1.1382006604 1.1326372808 1.1381421019</scales>
                        <segment>femur_l</segment>
                        <apply>true</apply>
                    </Scale>
                    <Scale>
                        <scales> 1.0810223504 1.0740552726 1.0808368925</scales>
                        <segment>tibia_l</segment>
                        <apply>true</apply>
                    </Scale>
                    <Scale>
                        <scales> 1.1196626812 1.1224247956 1.1199985322</scales>
                        <segment>talus_l</segment>
                        <apply>true</apply>
                    </Scale>
                    <Scale>
                        <scales> 1.1313690071 1.1289032819 1.1239897991</scales>
                        <segment>calcn_l</segment>
                        <apply>true</apply>
                    </Scale>
                    <Scale>
                        <scales> 1.0863690662 1.0862277713 1.0862710608</scales>
                        <segment>toes_l</segment>
                        <apply>true</apply>
                    </Scale>
                    <Scale>
                        <scales> 1.1613462683 1.0374539973 1.1027729511</scales>
                        <segment>torso</segment>
                        <apply>true</apply>
                    </Scale>
                    <Scale>
                        <scales> 1.1170362761 1.1218755420 1.1108219417</scales>
                        <segment>humerus_r</segment>
                        <apply>true</apply>
                    </Scale>
                    <Scale>
                        <scales> 1.0345930904 1.0337944496 1.0304987948</scales>
                        <segment>ulna_r</segment>
                        <apply>true</apply>
                    </Scale>
                    <Scale>
                        <scales> 1.0345930904 1.0337944496 1.0304987948</scales>
                        <segment>radius_r</segment>
                        <apply>true</apply>
                    </Scale>
                    <Scale>
                        <scales> 1.0861254598 1.0861254598 1.0861254598</scales>
                        <segment>hand_r</segment>
                        <apply>true</apply>
                    </Scale>
                    <Scale>
                        <scales> 1.1170362761 1.1218755420 1.1108219417</scales>
                        <segment>humerus_l</segment>
                        <apply>true</apply>
                    </Scale>
                    <Scale>
                        <scales> 1.0345930904 1.0337944496 1.0304987948</scales>
                        <segment>ulna_l</segment>
                        <apply>true</apply>
                    </Scale>
                    <Scale>
                        <scales> 1.0345930904 1.0337944496 1.0304987948</scales>
                        <segment>radius_l</segment>
                        <apply>true</apply>
                    </Scale>
                    <Scale>
                        <scales> 1.0861254598 1.0861254598 1.0861254598</scales>
                        <segment>hand_l</segment>
                        <apply>true</apply>
                    </Scale>
                </objects>
            </ScaleSet>
            <marker_file>Unassigned</marker_file>
            <time_range> -1 1</time_range>
            <preserve_mass_distribution>false</preserve_mass_distribution>
            <output_model_file>Models/optimized_scale_and_markers.osim</output_model_file>
            <output_scale_file>Unassigned</output_scale_file>
        </ModelScaler>
    </ScaleTool>
</OpenSimDocument>
