<OpenSimDocument Version="40000">
    <ScaleTool name="optimized_scale_and_markers">
        <mass>76.4800000000</mass>
        <height>1.8530000000</height>
        <age>-1</age>
        <notes>Unassigned</notes>
        <GenericModelMaker>
            <model_file>Models/unscaled_but_with_optimized_markers.osim</model_file>
            <marker_set_file>Unassigned</marker_set_file>
        </GenericModelMaker>
        <MarkerPlacer>
            <apply>false</apply>
        </MarkerPlacer>
        <ModelScaler>
            <apply>true</apply>
            <scaling_order> manualScale</scaling_order>
            <MeasurementSet>
                <objects/>
                <groups/>
            </MeasurementSet>
            <ScaleSet>
                <objects>
                    <Scale>
                        <scales> 1.0760193183 1.0537146601 1.1228373886</scales>
                        <segment>pelvis</segment>
                        <apply>true</apply>
                    </Scale>
                    <Scale>
                        <scales> 1.0702522001 1.0615668851 1.0759232600</scales>
                        <segment>femur_r</segment>
                        <apply>true</apply>
                    </Scale>
                    <Scale>
                        <scales> 1.2149573064 1.2229462922 1.2110813234</scales>
                        <segment>tibia_r</segment>
                        <apply>true</apply>
                    </Scale>
                    <Scale>
                        <scales> 1.1959763846 1.2053112003 1.1983222792</scales>
                        <segment>talus_r</segment>
                        <apply>true</apply>
                    </Scale>
                    <Scale>
                        <scales> 1.0852276221 1.0911109926 1.0890717779</scales>
                        <segment>calcn_r</segment>
                        <apply>true</apply>
                    </Scale>
                    <Scale>
                        <scales> 1.0947264035 1.0902333426 1.0894819921</scales>
                        <segment>toes_r</segment>
                        <apply>true</apply>
                    </Scale>
                    <Scale>
                        <scales> 1.0702522001 1.0615668851 1.0759232600</scales>
                        <segment>femur_l</segment>
                        <apply>true</apply>
                    </Scale>
                    <Scale>
                        <scales> 1.2149573064 1.2229462922 1.2110813234</scales>
                        <segment>tibia_l</segment>
                        <apply>true</apply>
                    </Scale>
                    <Scale>
                        <scales> 1.1959763846 1.2053112003 1.1983222792</scales>
                        <segment>talus_l</segment>
                        <apply>true</apply>
                    </Scale>
                    <Scale>
                        <scales> 1.0852276221 1.0911109926 1.0890717779</scales>
                        <segment>calcn_l</segment>
                        <apply>true</apply>
                    </Scale>
                    <Scale>
                        <scales> 1.0947264035 1.0902333426 1.0894819921</scales>
                        <segment>toes_l</segment>
                        <apply>true</apply>
                    </Scale>
                    <Scale>
                        <scales> 1.1665101581 1.0041161165 1.1151430388</scales>
                        <segment>torso</segment>
                        <apply>true</apply>
                    </Scale>
                    <Scale>
                        <scales> 1.2068803884 1.2237898057 1.1962143642</scales>
                        <segment>humerus_r</segment>
                        <apply>true</apply>
                    </Scale>
                    <Scale>
                        <scales> 1.1285497697 1.1288197728 1.1148260758</scales>
                        <segment>ulna_r</segment>
                        <apply>true</apply>
                    </Scale>
                    <Scale>
                        <scales> 1.1285497697 1.1288197728 1.1148260758</scales>
                        <segment>radius_r</segment>
                        <apply>true</apply>
                    </Scale>
                    <Scale>
                        <scales> 1.1334528880 1.1334528880 1.1334528880</scales>
                        <segment>hand_r</segment>
                        <apply>true</apply>
                    </Scale>
                    <Scale>
                        <scales> 1.2068803884 1.2237898057 1.1962143642</scales>
                        <segment>humerus_l</segment>
                        <apply>true</apply>
                    </Scale>
                    <Scale>
                        <scales> 1.1285497697 1.1288197728 1.1148260758</scales>
                        <segment>ulna_l</segment>
                        <apply>true</apply>
                    </Scale>
                    <Scale>
                        <scales> 1.1285497697 1.1288197728 1.1148260758</scales>
                        <segment>radius_l</segment>
                        <apply>true</apply>
                    </Scale>
                    <Scale>
                        <scales> 1.1334528880 1.1334528880 1.1334528880</scales>
                        <segment>hand_l</segment>
                        <apply>true</apply>
                    </Scale>
                </objects>
            </ScaleSet>
            <marker_file>Unassigned</marker_file>
            <time_range> -1 1</time_range>
            <preserve_mass_distribution>false</preserve_mass_distribution>
            <output_model_file>Models/optimized_scale_and_markers.osim</output_model_file>
            <output_scale_file>Unassigned</output_scale_file>
        </ModelScaler>
    </ScaleTool>
</OpenSimDocument>
