Timestep,C7,L.ASIS,L.PSIS,L_5meta,L_HJC,L_HJC_reg,L_Shoulder,L_Sternum,L_ankle,L_calc,L_elbow_lat,L_elbow_med,L_forearm,L_humerus,L_knee,L_sh2,L_sh3,L_shank_antsup,L_thigh1,L_thigh2,L_thigh3,L_thigh4,L_toe,L_wrist_radius,L_wrist_ulna,R_HJC,R_HJC_reg,R_Shoulder,R_Sternum,R_elbow_lat,R_elbow_med,R_forearm,R_humerus,R_wrist_radius,R_wrist_ulna,r.ASIS,r.PSIS,r_5meta,r_ankle,r_calc,r_knee,r_sh2,r_sh3,r_sh4,r_shank_antsup,r_thigh1,r_thigh2,r_thigh3,r_thigh4,r_thigh5,r_toe
All Timesteps RMSE,0.0131387,0.0276981,0.0295108,0.0108819,0.0221703,0,0.0457792,0.0137889,0.0121514,0.0148445,0.0283578,0.0328828,0,0,0.0191683,0.019671,0.014323,0.0158349,0.0187928,0.0167023,0.0133268,0.0153456,0.0112128,0.0177852,0.0155054,0.0172382,0,0.0504012,0.0136146,0.0446842,0.0392235,0,0,0.0321396,0.0364144,0.023349,0.0193348,0.00788317,0.0112013,0.0164128,0.016495,0.0111595,0.0154473,0.0138541,0.0165186,0.0185248,0.016832,0.0154331,0.0120801,0.0110664,0.0113404
0,0.0293886,0.0146318,0.061139,0.0263784,0.0461782,0,0.043619,0.0369405,0.0399651,0.0553364,0.00630991,0.0232431,0,0,0.0316386,0.0395019,0.0371412,0.0372434,0.0499741,0.0502279,0.0355931,0.0343599,0.0293027,0.0161095,0.0228972,0.0379212,0,0.0365157,0.0368094,0.0193751,0.0182594,0,0,0.0117053,0.0215432,0.0127572,0.0501078,0.0282004,0.0287471,0.0423137,0.0212587,0.0286798,0.0294518,0.0315835,0.0322301,0.0352448,0.0335968,0.0327974,0.0263247,0.0297308,0.046269
1,0.0234931,0.0164165,0.0573846,0.0190562,0.0423658,0,0.044046,0.0312266,0.0330777,0.0486927,0.0074862,0.0258235,0,0,0.0253256,0.0331064,0.0310264,0.0315982,0.0429971,0.0441452,0.0300405,0.0279342,0.0223122,0.0117705,0.0183202,0.0318235,0,0.0365985,0.0315576,0.0221767,0.019189,0,0,0.0135029,0.0219228,0.0118304,0.0441376,0.021435,0.0221773,0.0360866,0.0154291,0.0225279,0.0230438,0.0250387,0.0260621,0.0300322,0.0277204,0.0267249,0.0203544,0.0228989,0.0411784
2,0.0182988,0.0181668,0.0539088,0.0131815,0.039305,0,0.0450106,0.0261336,0.0272605,0.0424931,0.0110459,0.0288552,0,0,0.0202217,0.0275939,0.0256921,0.0270118,0.0367835,0.0386834,0.0257725,0.0224535,0.0169546,0.00922958,0.0150806,0.0274243,0,0.03745,0.0269562,0.0253707,0.0212668,0,0,0.0166399,0.023483,0.0169001,0.0388404,0.015508,0.0165009,0.0309716,0.0108587,0.0171027,0.0172326,0.0190996,0.0204901,0.0257217,0.0225094,0.0214354,0.0159308,0.0170368,0.0363074
3,0.0138559,0.019549,0.0506923,0.00876749,0.0368579,0,0.0462637,0.0216537,0.0224648,0.0368768,0.0148458,0.0318531,0,0,0.0165598,0.0229856,0.0210786,0.0234208,0.0313801,0.0338919,0.0225586,0.0178653,0.0130554,0.00849401,0.0130224,0.0244299,0,0.0387744,0.0230004,0.0285612,0.0238252,0,0,0.0200457,0.0256253,0.0224944,0.0342091,0.0107255,0.0116842,0.0268409,0.00823827,0.0124416,0.0121401,0.0138693,0.0155877,0.0222917,0.0180509,0.0169986,0.0129791,0.0121683,0.0317409
4,0.0102348,0.0204113,0.0477297,0.00602226,0.0348689,0,0.0475858,0.0177842,0.0186658,0.0319826,0.0183419,0.0345664,0,0,0.0146082,0.0194272,0.0172538,0.02079,0.0268142,0.0298528,0.020093,0.0141903,0.010362,0.00911089,0.0119496,0.0223865,0,0.0403276,0.0196778,0.0315216,0.0264173,0,0,0.0232533,0.0279155,0.0270569,0.0302249,0.00768942,0.00777286,0.0235226,0.00811612,0.00860968,0.00794704,0.0094561,0.011429,0.019769,0.0145157,0.0134714,0.0111885,0.00827897,0.0276093
5,0.00755492,0.0207023,0.0450224,0.00520029,0.0332042,0,0.048828,0.0145027,0.0157689,0.0278333,0.0213982,0.036889,0,0,0.0143043,0.0171044,0.0143414,0.0190298,0.0230494,0.0265772,0.0180877,0.0115382,0.00858588,0.010407,0.0116433,0.020845,0,0.0419238,0.0169537,0.0341339,0.0288063,0,0,0.0260822,0.0300938,0.0303648,0.0268483,0.00691242,0.00500735,0.0208288,0.00958765,0.00571029,0.00498855,0.00595466,0.00807301,0.0181615,0.0121166,0.0108713,0.0100686,0.0053013,0.0239997
6,0.0060186,0.0204404,0.0425799,0.00576155,0.0317822,0,0.0499067,0.0117634,0.0136076,0.0243573,0.0239946,0.0387978,0,0,0.015128,0.0161051,0.0124604,0.0179812,0.0199873,0.0239763,0.0163156,0.0100611,0.00745118,0.0119219,0.0118656,0.0195038,0,0.0434396,0.0147668,0.036344,0.0308908,0,0,0.02848,0.032029,0.0325266,0.0240295,0.00771923,0.00411879,0.0185924,0.0114164,0.00393515,0.00392728,0.00356029,0.00556881,0.0173689,0.0109545,0.00917289,0.00917917,0.00314535,0.020936
7,0.00571091,0.0196974,0.0404153,0.00674731,0.0305704,0,0.0507822,0.00950551,0.0119869,0.0214641,0.026153,0.0403121,0,0,0.0164514,0.0162693,0.0116311,0.01745,0.0174852,0.0218843,0.0146022,0.0097504,0.00674804,0.013425,0.0123903,0.0182235,0,0.0448033,0.013033,0.0381357,0.0326404,0,0,0.0304526,0.0336696,0.0337423,0.0217154,0.00893253,0.00520342,0.0166927,0.0130696,0.00345472,0.00465606,0.00278596,0.00401423,0.0171489,0.0108165,0.00830143,0.00826882,0.00180777,0.0183901
8,0.00626086,0.0185922,0.0385358,0.00773877,0.0295656,0,0.0514402,0.00766864,0.0107172,0.0191007,0.02791,0.0414704,0,0,0.0178339,0.0172169,0.0116916,0.0172457,0.0153734,0.0201027,0.012819,0.0102776,0.00636433,0.0148051,0.0130418,0.0169713,0,0.0459798,0.0116558,0.0395213,0.0340596,0,0,0.0320307,0.0350076,0.0342256,0.0198474,0.0100115,0.00701042,0.0150594,0.0144232,0.00389431,0.00593763,0.00349723,0.00356399,0.0171887,0.0112483,0.0081042,0.00727269,0.00152637,0.0162965
9,0.0071315,0.0172885,0.0369338,0.00872508,0.0287684,0,0.0518824,0.00621096,0.00964084,0.017262,0.0293064,0.042319,0,0,0.0190475,0.0185422,0.0123575,0.0172068,0.0134794,0.0184499,0.0109081,0.011193,0.00626768,0.0160079,0.013711,0.0157613,0,0.0469592,0.0105433,0.04054,0.0351702,0,0,0.0332544,0.0360569,0.0341764,0.0183577,0.0108354,0.00884092,0.013659,0.0155002,0.00465695,0.00721537,0.0046731,0.00407066,0.0172179,0.011837,0.00834151,0.00626405,0.00202366,0.0145679
10,0.00800615,0.0159809,0.0355873,0.00987007,0.0281683,0,0.0521228,0.0051273,0.00865658,0.0159587,0.0303828,0.0429066,0,0,0.020024,0.0199426,0.0133609,0.0172135,0.0116659,0.0167986,0.00894203,0.0121827,0.00645569,0.0170064,0.0143429,0.0146174,0,0.0477476,0.00962571,0.041257,0.0360052,0,0,0.0341643,0.03684,0.033772,0.0171751,0.0114115,0.0104782,0.0124762,0.0163623,0.00548838,0.00843319,0.00595154,0.00506681,0.0170784,0.0123334,0.00873896,0.0054036,0.00262212,0.0131145
11,0.00876814,0.0148622,0.0344624,0.0113546,0.0277352,0,0.0521858,0.00444608,0.0077297,0.015165,0.0311838,0.0432832,0,0,0.0208072,0.0212233,0.0145071,0.0171883,0.00987134,0.0150885,0.00718928,0.0131171,0.00691106,0.0177953,0.0149158,0.0135552,0,0.0483658,0.00886034,0.0417605,0.0366095,0,0,0.034803,0.0373855,0.0331656,0.0162352,0.0117717,0.0118616,0.0114963,0.0170697,0.006344,0.00964141,0.00730782,0.00623785,0.0167298,0.0126183,0.00906402,0.00486652,0.0030594,0.0118596
12,0.00940305,0.0140668,0.0335204,0.0132068,0.0274251,0,0.0521038,0.00418772,0.00687205,0.0147726,0.0317616,0.043502,0,0,0.0215078,0.0222664,0.0156583,0.0170958,0.0081504,0.0133201,0.00611932,0.0139996,0.0075903,0.0183942,0.0154245,0.0125813,0,0.0488476,0.00822804,0.0421498,0.0370387,0,0,0.035218,0.037729,0.0324875,0.0154905,0.0119458,0.0129958,0.0106941,0.0176699,0.00723222,0.0108655,0.0087306,0.00744854,0.0162221,0.0126588,0.00917759,0.0047335,0.00324667,0.0107473
13,0.00993941,0.0136192,0.0327274,0.0152178,0.0271938,0,0.0519155,0.00430293,0.00610456,0.014578,0.0321758,0.0436183,0,0,0.022247,0.0230104,0.0167089,0.0169394,0.00671476,0.0115438,0.00610181,0.0149092,0.00841892,0.0188509,0.0158706,0.0116989,0,0.0492336,0.00772579,0.0425152,0.0373548,0,0,0.0354605,0.0379136,0.0318434,0.0149154,0.0119566,0.0139133,0.0100335,0.0181972,0.00814371,0.0120728,0.0101478,0.00862578,0.0156552,0.0124879,0.00904858,0.00492678,0.00317247,0.0097439
14,0.0104125,0.0134347,0.0320617,0.017013,0.0270121,0,0.0516596,0.00467508,0.00544708,0.0143341,0.0324848,0.0436829,0,0,0.023103,0.0234435,0.0175793,0.0167506,0.00593646,0.00985926,0.00693069,0.0159507,0.00929638,0.0192334,0.0162579,0.0109142,0,0.0495613,0.00735808,0.0429186,0.0376167,0,0,0.0355811,0.0379874,0.031311,0.0144995,0.0118214,0.0146497,0.00947981,0.0186732,0.00902747,0.0131867,0.0114416,0.0097037,0.0151388,0.0121891,0.00873948,0.00529001,0.00289743,0.00883421
15,0.0108432,0.0133831,0.0315167,0.0182168,0.0268744,0,0.0513678,0.00518455,0.00496433,0.0138457,0.0327358,0.0437329,0,0,0.0240904,0.0235997,0.0182217,0.0165732,0.00612178,0.00843601,0.00812867,0.0172202,0.01013,0.0196099,0.0165911,0.0102378,0,0.0498569,0.0071276,0.0433836,0.0378703,0,0,0.0356248,0.037999,0.0309343,0.0142356,0.0115541,0.0152306,0.00901116,0.0191041,0.00980969,0.0141242,0.0124969,0.0106236,0.0147618,0.0118692,0.0083702,0.00569522,0.00254993,0.00801479
16,0.0112404,0.0133642,0.0310921,0.0186286,0.0267842,0,0.0510666,0.00574341,0.00480155,0.0130437,0.0329709,0.0437949,0,0,0.0251884,0.0235474,0.018625,0.0164353,0.00714901,0.00754306,0.00944472,0.0187897,0.010863,0.0200356,0.0168833,0.00968328,0,0.050142,0.00702488,0.0439094,0.0381558,0,0,0.0356411,0.0380039,0.0307308,0.014108,0.0111727,0.0156727,0.00861766,0.0194902,0.0104426,0.0148436,0.0132561,0.0113674,0.014567,0.011615,0.00805939,0.00606343,0.00229137,0.00727275
17,0.0115909,0.0133369,0.0307987,0.0182968,0.0267559,0,0.0507638,0.00630274,0.00511739,0.0120137,0.0332037,0.0438646,0,0,0.0263541,0.0233748,0.018817,0.0163524,0.00863637,0.00746834,0.0108295,0.0206758,0.0114799,0.020518,0.0171417,0.00924862,0,0.0504184,0.00703367,0.0444615,0.038485,0,0,0.0356608,0.0380375,0.0306692,0.0140898,0.0106911,0.0159814,0.00831206,0.0198139,0.0109091,0.0153429,0.0137232,0.0119569,0.0145589,0.011486,0.00789776,0.00635782,0.00225343,0.00660024
18,0.0118778,0.0133131,0.0306452,0.0175111,0.0267964,0,0.0504536,0.00683609,0.00589606,0.010933,0.0334294,0.0439176,0,0,0.0275375,0.0231626,0.0188476,0.0163162,0.0102848,0.00825071,0.0123038,0.0228202,0.0119623,0.0210201,0.0173691,0.00891183,0,0.0506791,0.00713238,0.0449959,0.0388518,0,0,0.035701,0.0381141,0.0306854,0.0141439,0.0101276,0.016162,0.00811804,0.0200566,0.0112285,0.0156634,0.0139617,0.0124485,0.0147077,0.0115033,0.00791498,0.00656911,0.00243798,0.00598784
19,0.012101,0.0133303,0.0306308,0.0166718,0.0269009,0,0.0501154,0.00734142,0.00694498,0.00999677,0.0336234,0.0439136,0,0,0.0286687,0.02296,0.0187673,0.0163011,0.0119036,0.0095863,0.0138613,0.0250795,0.0122958,0.0214675,0.017553,0.00863564,0,0.0509162,0.00730556,0.0454754,0.0392381,0,0,0.035762,0.0382239,0.0306995,0.0142314,0.00951144,0.0162264,0.00806416,0.0202034,0.0114321,0.0158621,0.0140559,0.0128922,0.0149627,0.0116587,0.0080901,0.0067093,0.00275135,0.00544146
20,0.012266,0.0134231,0.0307426,0.0161312,0.0270602,0,0.0497206,0.00782461,0.00805164,0.00935368,0.0337469,0.0438054,0,0,0.0296605,0.0227885,0.0186286,0.0162837,0.0133447,0.0110697,0.0154313,0.0272473,0.0125102,0.0217821,0.0176729,0.00838435,0,0.0511143,0.00754195,0.0458696,0.0396081,0,0,0.0358188,0.0383256,0.0306365,0.0143175,0.00886794,0.0161855,0.00815802,0.0202408,0.0115439,0.0159871,0.0140785,0.0133055,0.0152665,0.0119211,0.00838173,0.00680743,0.00311533,0.0049764
21,0.012378,0.013608,0.0309529,0.0160975,0.0272575,0,0.0492507,0.00828186,0.0090734,0.00904944,0.033776,0.0435656,0,0,0.030449,0.0226675,0.0185045,0.0162611,0.0144924,0.012391,0.0169042,0.0291158,0.0126804,0.0219331,0.0177205,0.00814942,0,0.0512607,0.00781759,0.0461614,0.0399242,0,0,0.0358401,0.0383683,0.0304615,0.0143814,0.00820804,0.0160465,0.0083639,0.0201663,0.0115908,0.0160839,0.0140903,0.0136864,0.0155578,0.0122296,0.00873392,0.00688755,0.00348305,0.00458644
22,0.0124465,0.0138835,0.0312251,0.0165575,0.027476,0,0.0486997,0.00871084,0.0099569,0.00904107,0.0336993,0.0431858,0,0,0.030989,0.0226234,0.0184774,0.0162558,0.0152554,0.013343,0.0181469,0.0305091,0.0129186,0.0219312,0.0176969,0.00794914,0,0.0513483,0.00810223,0.0463442,0.0401531,0,0,0.0357947,0.0383068,0.0301775,0.0144182,0.00753749,0.0158157,0.00863378,0.0199819,0.0115913,0.0161729,0.0141203,0.0140082,0.0157862,0.0125183,0.00910081,0.00696307,0.0038344,0.00426697
23,0.0124837,0.0142366,0.0315202,0.0172886,0.0276978,0,0.0480775,0.00911387,0.0107169,0.0092131,0.0335192,0.0426745,0,0,0.0312565,0.0226953,0.018625,0.0163082,0.0155753,0.0138052,0.0190282,0.0313087,0.0133005,0.0218116,0.0176133,0.00781272,0,0.0513781,0.00836706,0.0464201,0.0402727,0,0,0.0356576,0.0381165,0.0298108,0.014434,0.00686117,0.0154982,0.00893631,0.0196907,0.0115507,0.0162437,0.0141648,0.0142354,0.0159213,0.0127336,0.0094511,0.0070319,0.00416358,0.00401809
24,0.0124996,0.0146462,0.031802,0.0179557,0.0279007,0,0.0474089,0.00949679,0.0113942,0.00942148,0.033254,0.0420542,0,0,0.0312513,0.022928,0.0189996,0.0164605,0.015435,0.0137339,0.0194415,0.0314632,0.0138081,0.0216145,0.0174911,0.00776198,0,0.0513594,0.00859326,0.0464002,0.0402772,0,0,0.0354129,0.0377999,0.0293943,0.014439,0.00618705,0.0150972,0.00927685,0.0192978,0.0114613,0.0162647,0.0141982,0.0143438,0.0159561,0.0128406,0.00976194,0.00707858,0.00447152,0.00383673
25,0.0124983,0.0150883,0.0320447,0.0182524,0.0280634,0,0.0467247,0.00986841,0.0120143,0.00955601,0.0329302,0.0413516,0,0,0.0309912,0.0233536,0.0196083,0.0167392,0.0148551,0.0131505,0.0193144,0.0309827,0.0143528,0.0213693,0.0173537,0.00780368,0,0.0513032,0.00877974,0.046299,0.0401724,0,0,0.035049,0.0373769,0.0289526,0.0144423,0.00552857,0.0146144,0.00969718,0.0188094,0.0113045,0.0161971,0.0141879,0.0143283,0.0159051,0.0128281,0.0100169,0.0070883,0.00476594,0.00371839
26,0.0124794,0.0155354,0.0322309,0.0180249,0.0281667,0,0.0460592,0.0102351,0.0125589,0.00957364,0.0325841,0.0406003,0,0,0.0305066,0.0239685,0.0204023,0.0171359,0.0138853,0.0121309,0.0186108,0.0299286,0.0148373,0.0211025,0.0172272,0.00793275,0,0.0512221,0.0089404,0.0461387,0.0399781,0,0,0.0345683,0.0368791,0.0285063,0.0144477,0.00491602,0.0140562,0.0102464,0.0182413,0.0110699,0.0160207,0.0141129,0.0142063,0.0157912,0.0127045,0.0101985,0.00705765,0.00505281,0.00366383
27,0.0124399,0.0159623,0.0323581,0.0173091,0.0282016,0,0.0454422,0.0106022,0.0129817,0.00949936,0.0322507,0.0398374,0,0,0.0298299,0.0247247,0.0212889,0.0176121,0.0125885,0.0107847,0.0173249,0.0283968,0.0152081,0.0208385,0.0171339,0.00813858,0,0.0511246,0.0090992,0.0459419,0.0397205,0,0,0.0339881,0.0363347,0.028069,0.0144567,0.00440093,0.013436,0.0109535,0.0176201,0.0107652,0.0157449,0.0139723,0.0140081,0.0156401,0.0125006,0.0102934,0.0070037,0.00533618,0.00369961
28,0.0123713,0.0163609,0.0324398,0.0162741,0.0281669,0,0.0448851,0.0109787,0.0132429,0.00940596,0.0319538,0.0390888,0,0,0.0289814,0.0255367,0.0221591,0.0181142,0.0110147,0.00922069,0.0154841,0.026505,0.0154617,0.0205951,0.0170881,0.00840047,0,0.0510198,0.00927584,0.0457177,0.0394239,0,0,0.0333357,0.0357639,0.0276414,0.0144685,0.00404576,0.0127648,0.0118217,0.0169723,0.0104097,0.0153973,0.0137749,0.0137585,0.0154762,0.012271,0.0103017,0.00695666,0.0056167,0.00387905
29,0.0122684,0.016727,0.0324931,0.015142,0.028063,0,0.0443955,0.0113677,0.0133162,0.00935747,0.0317153,0.0383811,0,0,0.0279801,0.0262912,0.022906,0.0185829,0.00920473,0.00753251,0.0131562,0.0243723,0.0156236,0.0203921,0.017104,0.0086932,0,0.0509217,0.00947626,0.0454755,0.0391208,0,0,0.0326501,0.0351866,0.0272262,0.0144801,0.00392411,0.0120639,0.012823,0.0163362,0.0100427,0.0150244,0.0135484,0.0134857,0.0153238,0.0120812,0.0102314,0.00694857,0.00588257,0.0042483
30,0.0121324,0.0170549,0.0325362,0.0140966,0.0278969,0,0.0439797,0.0117653,0.0131995,0.00937849,0.0315477,0.0377353,0,0,0.026851,0.0268701,0.0234432,0.0189709,0.00718876,0.00577864,0.0104488,0.0220952,0.0157299,0.0202419,0.0171913,0.00899518,0,0.0508418,0.00969379,0.0452195,0.0388436,0,0,0.0319659,0.0346187,0.0268294,0.01449,0.00407585,0.011365,0.0139072,0.0157505,0.00970816,0.0146729,0.0133276,0.0132218,0.0152139,0.011994,0.0101068,0.00701482,0.00611851,0.00481781
31,0.011966,0.0173385,0.0325833,0.0132328,0.0276806,0,0.0436356,0.0121619,0.0129128,0.00945135,0.0314519,0.0371607,0,0,0.0256307,0.0271749,0.0237138,0.0192477,0.00499691,0.00397476,0.00751389,0.0197376,0.0158106,0.0201444,0.0173501,0.00929018,0,0.05079,0.0099118,0.0449452,0.0386145,0,0,0.0313079,0.034078,0.0264641,0.014499,0.00446911,0.0107003,0.0150163,0.0152392,0.00943362,0.0143736,0.013137,0.0129943,0.0151768,0.0120473,0.00997062,0.00718847,0.00630813,0.00553982
32,0.0117761,0.0175667,0.0326381,0.0125708,0.0274292,0,0.0433581,0.0125397,0.0124822,0.00952621,0.031426,0.0366649,0,0,0.0243672,0.0271408,0.023683,0.0193915,0.00275215,0.00211385,0.00459178,0.0173262,0.0158828,0.0200971,0.0175746,0.00956775,0,0.0507754,0.0101123,0.0446504,0.0384487,0,0,0.0306981,0.0335878,0.0261609,0.0145062,0.00502256,0.0101028,0.0160891,0.014813,0.00922548,0.0141425,0.0129864,0.0128201,0.0152325,0.0122307,0.00986889,0.00748216,0.00643209,0.00630762
33,0.0115669,0.0177328,0.0327009,0.012081,0.0271649,0,0.0431314,0.012882,0.0119419,0.00955435,0.0314578,0.0362422,0,0,0.0230962,0.0267474,0.0233318,0.019389,0.00162678,0.000364673,0.00245422,0.0148556,0.0159578,0.0200917,0.0178453,0.0098218,0,0.050799,0.010288,0.0443303,0.0383442,0,0,0.0301478,0.0331654,0.0259507,0.0145106,0.00563828,0.00958751,0.0170728,0.0144559,0.00905551,0.0139727,0.0128614,0.0126874,0.0153929,0.012491,0.00984588,0.00785836,0.0064797,0.00700115
34,0.0113447,0.0178339,0.0327649,0.0117338,0.0269066,0,0.0429412,0.0131733,0.0113212,0.00949343,0.0315399,0.0358857,0,0,0.0218422,0.0260168,0.0226471,0.0192267,0.00364386,0.00200854,0.00328142,0.0123076,0.0160339,0.0201302,0.0181379,0.0100444,0,0.0508577,0.0104444,0.0439965,0.0382969,0,0,0.0296645,0.0328205,0.025862,0.0145077,0.00623907,0.009156,0.0179286,0.0141441,0.00888274,0.0138503,0.0127413,0.0125742,0.0156554,0.012735,0.00992342,0.00821192,0.00644759,0.00753264
35,0.0111138,0.0178759,0.0328203,0.0115116,0.0266664,0,0.0427753,0.0134052,0.0106484,0.00932406,0.0316659,0.0355817,0,0,0.0206176,0.0250073,0.0216256,0.0188967,0.00645676,0.00420365,0.00564042,0.0097019,0.0160973,0.0202212,0.0184244,0.0102254,0,0.050943,0.0105978,0.043674,0.0382993,0,0,0.0292458,0.0325484,0.0259026,0.0144922,0.00677215,0.00879598,0.018638,0.0138508,0.00866366,0.0137559,0.0126061,0.012464,0.0160109,0.0128719,0.010112,0.00840978,0.00634946,0.00786452
36,0.0108773,0.017872,0.0328524,0.0114087,0.0264418,0,0.0426266,0.0135762,0.00994793,0.00905665,0.0318321,0.0353159,0,0,0.0194376,0.0238037,0.0202868,0.0184023,0.00940134,0.00650242,0.0080282,0.00722274,0.0161198,0.0203764,0.0186867,0.0103511,0,0.0510473,0.0107636,0.0433951,0.0383442,0,0,0.0288832,0.0323361,0.026055,0.0144582,0.0072094,0.00849397,0.0192016,0.0135588,0.00836694,0.0136708,0.0124445,0.012361,0.016448,0.0128696,0.0104201,0.0083522,0.00621417,0.00799819
37,0.0106379,0.0178401,0.0328432,0.0114105,0.0262184,0,0.0424945,0.0136907,0.00924092,0.00873592,0.0320335,0.0350771,0,0,0.0183276,0.0225064,0.0186905,0.0177691,0.0123158,0.00884323,0.0102653,0.00547642,0.0160671,0.0206013,0.0189244,0.0104078,0,0.0511653,0.010947,0.0431833,0.0384228,0,0,0.0285638,0.0321679,0.0262774,0.0144031,0.00754125,0.00824511,0.0196351,0.0132645,0.00797751,0.0135798,0.012253,0.0122854,0.0169578,0.0128013,0.0108611,0.00801412,0.00608492,0.00795605
38,0.0103976,0.0177989,0.0327711,0.0114773,0.0259756,0,0.0423847,0.0137547,0.00854186,0.00843178,0.0322629,0.0348606,0,0,0.0173245,0.0212174,0.016943,0.0170511,0.0150955,0.0111485,0.0124174,0.0054468,0.0159109,0.0208937,0.019155,0.0103852,0,0.0512956,0.0111342,0.0430465,0.0385254,0,0,0.0282764,0.0320329,0.0265166,0.0143267,0.00776954,0.00805874,0.0199606,0.0129764,0.00749535,0.013472,0.0120317,0.0122611,0.0175282,0.0128171,0.0114506,0.00744653,0.00601749,0.00776896
39,0.0101594,0.0177674,0.0326162,0.0115375,0.0256948,0,0.0423078,0.0137767,0.00785907,0.00821816,0.0325111,0.0346682,0,0,0.0164669,0.0200265,0.0151888,0.0163296,0.0176614,0.0133252,0.0145655,0.00693832,0.0156429,0.0212433,0.0194004,0.0102838,0,0.0514397,0.0112954,0.0429833,0.0386445,0,0,0.0280145,0.0319264,0.0267262,0.0142324,0.00790267,0.00795642,0.0201994,0.0127087,0.00693346,0.0133417,0.0117828,0.0123074,0.0181367,0.0130424,0.0122013,0.00676431,0.00607958,0.00747156
40,0.0099267,0.0177639,0.0323651,0.0114998,0.0253662,0,0.0422753,0.0137668,0.00719778,0.00816301,0.0327699,0.0345041,0,0,0.0157769,0.018995,0.0135835,0.0156979,0.0199558,0.0152721,0.0166924,0.0087981,0.015283,0.0216324,0.0196728,0.010118,0,0.0515993,0.0113954,0.042992,0.0387785,0,0,0.0277781,0.0318487,0.0268791,0.014125,0.00795177,0.00796502,0.0203651,0.0124719,0.00631799,0.0131866,0.0115102,0.0124398,0.0187517,0.0135137,0.0131207,0.00614216,0.00634317,0.00709581
41,0.00970477,0.0178065,0.0320139,0.0112781,0.0249884,0,0.0422959,0.013736,0.00656826,0.008342,0.0330341,0.0343711,0,0,0.0152441,0.018145,0.0122562,0.0152347,0.0219336,0.0168873,0.0186457,0.010372,0.0148735,0.0220336,0.01997,0.00991133,0,0.0517728,0.01141,0.0430687,0.0389347,0,0,0.0275714,0.0318001,0.0269667,0.0140091,0.00793128,0.00810823,0.0204602,0.012265,0.00569677,0.0130076,0.0112227,0.0126799,0.0193486,0.0142164,0.0142065,0.00581084,0.00686269,0.00666389
42,0.00950317,0.0179138,0.0315677,0.0108221,0.0245646,0,0.0423722,0.0136941,0.00599716,0.0088426,0.0332995,0.034266,0,0,0.0148203,0.0174575,0.011272,0.0149737,0.023555,0.0180759,0.0201913,0.011419,0.0144595,0.0224082,0.0202772,0.00968716,0,0.0519542,0.011337,0.043199,0.0391274,0,0,0.0273991,0.0317779,0.0269884,0.0138877,0.00786142,0.00839933,0.0204782,0.012073,0.00515204,0.0128086,0.0109357,0.0130603,0.0199308,0.0151352,0.0154414,0.00598977,0.00765018,0.00618324
43,0.00933888,0.0181049,0.0310379,0.0101515,0.024097,0,0.0425014,0.0136465,0.00553887,0.00970672,0.0335567,0.0341783,0,0,0.0144313,0.0168791,0.0106109,0.0148854,0.02478,0.0187578,0.021116,0.011884,0.014061,0.0227141,0.0205724,0.00946354,0,0.0521333,0.0111953,0.0433612,0.0393714,0,0,0.027263,0.0317756,0.0269423,0.0137635,0.00776858,0.00883834,0.0204091,0.011872,0.00480215,0.0125966,0.0106712,0.0136166,0.0205353,0.0162402,0.0167872,0.00674478,0.00866547,0.00564958
44,0.00923636,0.0183963,0.0304379,0.00938563,0.0235855,0,0.0426788,0.0135929,0.00528429,0.0108548,0.0337875,0.0340928,0,0,0.0139974,0.0163345,0.0101737,0.0148832,0.0255713,0.0188775,0.0213193,0.0118083,0.0136519,0.0229236,0.0208342,0.00925411,0,0.0522987,0.0110144,0.0435387,0.0396729,0,0,0.0271616,0.0317869,0.0268222,0.0136382,0.00768093,0.00941137,0.0202447,0.0116417,0.00475867,0.0123805,0.0104525,0.0143638,0.0212134,0.0174596,0.0181862,0.00795379,0.00982673,0.00506116
45,0.00922369,0.0187985,0.0297822,0.00874647,0.0230291,0,0.0429005,0.0135284,0.00535513,0.0120894,0.0339678,0.033995,0,0,0.0134556,0.0157416,0.00981331,0.0148543,0.0259024,0.0184183,0.0208531,0.0112986,0.0131574,0.0230381,0.0210478,0.00907369,0,0.0524428,0.0108236,0.0437291,0.0400236,0,0,0.0270913,0.0318082,0.0266216,0.0135115,0.0076207,0.0100886,0.0199839,0.0113795,0.00504575,0.0121686,0.0102966,0.0152773,0.021997,0.0186972,0.0195691,0.00942617,0.0110318,0.00444223
46,0.00932419,0.01931,0.0290865,0.00848599,0.0224314,0,0.0431643,0.0134455,0.00585524,0.0131759,0.0340762,0.033878,0,0,0.0127766,0.0150342,0.00938386,0.0147014,0.025773,0.0174202,0.0199037,0.01052,0.0124816,0.0230822,0.021208,0.00894178,0,0.052565,0.0106444,0.0439425,0.0404041,0,0,0.0270494,0.031841,0.0263421,0.0133791,0.00759617,0.0108225,0.0196346,0.0111061,0.00558078,0.0119641,0.0102061,0.0162976,0.0228744,0.0198745,0.0208681,0.0109918,0.0121809,0.00386306
47,0.00954742,0.019913,0.0283678,0.00872578,0.0218019,0,0.043469,0.0133372,0.00679365,0.0139221,0.0341083,0.0337465,0,0,0.0119768,0.0141967,0.00880131,0.014377,0.0252284,0.0159974,0.0187375,0.00968635,0.0115574,0.0230865,0.0213173,0.00887661,0,0.0526722,0.0104887,0.0441938,0.0407948,0,0,0.0270362,0.0318901,0.0260018,0.013232,0.00759954,0.0115505,0.0192134,0.0108577,0.00624556,0.0117634,0.0101668,0.0173524,0.0237877,0.0209559,0.0220283,0.0125211,0.0131942,0.00343855
48,0.00988119,0.0205745,0.0276456,0.00935357,0.0211545,0,0.0438108,0.0131997,0.00805612,0.0142277,0.0340827,0.0336134,0,0,0.0111196,0.0132974,0.00810027,0.013896,0.0243797,0.0143488,0.0176383,0.00902426,0.0104054,0.0230749,0.0213791,0.00888379,0,0.0527757,0.0103593,0.0444928,0.041185,0,0,0.0270552,0.0319623,0.025636,0.0130608,0.00761114,0.0122051,0.0187441,0.0106669,0.0069487,0.0115555,0.0101507,0.018379,0.0246554,0.0219488,0.0230136,0.0139242,0.0140233,0.00327383
49,0.0102916,0.0212524,0.0269402,0.010108,0.0205023,0,0.0441815,0.013033,0.00943349,0.0141015,0.0340388,0.0334943,0,0,0.0102978,0.0124904,0.00744837,0.0133249,0.0234087,0.0127436,0.0168388,0.00869494,0.0091697,0.0230635,0.0213939,0.00894744,0,0.0528859,0.0102535,0.044839,0.0415754,0,0,0.0271101,0.0320627,0.025288,0.0128616,0.00760806,0.012731,0.018255,0.0105483,0.00763965,0.0113244,0.0101275,0.0193341,0.0254007,0.022882,0.023807,0.0151454,0.0146522,0.00337831
50,0.0107298,0.0219062,0.0262694,0.0107154,0.0198522,0,0.0445675,0.0128397,0.0106636,0.0136508,0.0340219,0.033399,0,0,0.00959251,0.0119466,0.00705884,0.0127502,0.0225461,0.0114693,0.0164576,0.00871941,0.00808518,0.0230584,0.0213633,0.00903293,0,0.0530079,0.0101646,0.0452186,0.041971,0,0,0.027203,0.0321957,0.0249954,0.0126389,0.00757014,0.0131039,0.0177762,0.0104978,0.00830226,0.0110502,0.0100734,0.0201937,0.0259733,0.0237814,0.0244093,0.0161541,0.0150916,0.00365977
51,0.0111484,0.0225061,0.0256459,0.0109462,0.0192045,0,0.0449505,0.0126234,0.0114851,0.0130466,0.0340681,0.0333283,0,0,0.00903159,0.0117394,0.00701665,0.012248,0.022015,0.0107447,0.0164711,0.00899072,0.00734466,0.0230535,0.0212931,0.00910288,0,0.0531406,0.0100854,0.0456065,0.042373,0,0,0.0273311,0.0323646,0.0247761,0.0124057,0.00748481,0.0133355,0.0173421,0.010503,0.00893914,0.0107117,0.00997636,0.0209477,0.0263539,0.0246462,0.0248361,0.0169354,0.0153681,0.00400995
52,0.0115147,0.0230372,0.0250776,0.0106409,0.0185585,0,0.0453092,0.0123879,0.0117148,0.0124957,0.0341932,0.0332718,0,0,0.00858764,0.0117891,0.00720763,0.0118685,0.0219625,0.0106448,0.0167615,0.00936932,0.00696757,0.0230358,0.0211956,0.00913836,0,0.053275,0.0100091,0.0459702,0.0427701,0,0,0.0274841,0.03257,0.0246201,0.0121825,0.00734757,0.0134633,0.0169917,0.0105523,0.00955353,0.0102879,0.00983094,0.0215938,0.0265491,0.0254421,0.0251155,0.0174873,0.0155143,0.00434988
53,0.0118252,0.0234983,0.0245673,0.00976672,0.0179182,0,0.0456263,0.0121338,0.0113379,0.0122367,0.034393,0.0332123,0,0,0.00822951,0.0119425,0.0074677,0.0116426,0.0224127,0.0110999,0.0172009,0.00975571,0.00688295,0.0230012,0.0210896,0.00915143,0,0.0533919,0.00993253,0.0462756,0.0431368,0,0,0.0276424,0.0328056,0.0244893,0.0119941,0.00715302,0.013534,0.0167599,0.0106391,0.0101376,0.00975596,0.00962828,0.0221313,0.0265832,0.0261162,0.0252865,0.0178199,0.0155626,0.00461609
54,0.012093,0.023904,0.0240893,0.00837257,0.0172587,0,0.045902,0.01186,0.0104618,0.0124634,0.0346703,0.0331544,0,0,0.00803713,0.0121391,0.00776001,0.0116208,0.0232158,0.0118912,0.0176545,0.0100737,0.00709433,0.0229794,0.0210048,0.00914021,0,0.0535041,0.00984123,0.0465434,0.0434829,0,0,0.0278203,0.033079,0.0243732,0.0118389,0.00688106,0.0135739,0.0166504,0.0108077,0.0106786,0.00913642,0.00936421,0.0225774,0.0264524,0.0265873,0.0253534,0.0179364,0.0155076,0.0048114
55,0.0123344,0.0242813,0.0236348,0.00672571,0.0165811,0,0.0461328,0.0115675,0.00940146,0.0132845,0.0350005,0.0330847,0,0,0.00810659,0.0124079,0.00814777,0.0118532,0.0241453,0.0127729,0.0180085,0.0102548,0.00763034,0.0229874,0.0209486,0.00914756,0,0.0536009,0.00972624,0.0467742,0.0437937,0,0,0.0280179,0.0333836,0.0242283,0.0117364,0.00652349,0.013585,0.016654,0.0110745,0.0111536,0.00844526,0.00901579,0.0229385,0.0261731,0.0268274,0.0253359,0.0178638,0.0153543,0.00489891
56,0.0125604,0.0246666,0.0232011,0.00520724,0.0158919,0,0.0463212,0.0112568,0.00849661,0.0145794,0.0353466,0.0329922,0,0,0.0085124,0.0128273,0.00865951,0.0123564,0.0249264,0.0134788,0.0181185,0.0102001,0.00829708,0.0230375,0.0209111,0.00922365,0,0.0536688,0.00958031,0.0469742,0.0440593,0,0,0.0282384,0.0337097,0.02401,0.0117108,0.00607355,0.0135512,0.0167356,0.0114453,0.0115445,0.00771647,0.00855376,0.0232178,0.0257577,0.0268478,0.0252405,0.017634,0.0150977,0.0048413
57,0.0127711,0.0251008,0.0227925,0.00418328,0.0152031,0,0.0464732,0.0109264,0.00792927,0.0160591,0.0356598,0.0328678,0,0,0.00925965,0.0134289,0.00920628,0.0130636,0.0253009,0.0137761,0.0178289,0.00979355,0.00874823,0.0231265,0.0208679,0.00941559,0,0.0536913,0.0093984,0.0471526,0.0442734,0,0,0.0284835,0.0340468,0.0236775,0.0117889,0.0055286,0.0134543,0.0168397,0.0119106,0.0118413,0.00700255,0.00794598,0.0234147,0.025216,0.0266887,0.025059,0.0172748,0.0147252,0.00461052
58,0.0129576,0.0256212,0.022419,0.00385553,0.014532,0,0.046595,0.0105742,0.00766947,0.0174421,0.0358869,0.0327031,0,0,0.0103015,0.0141499,0.00964568,0.0138246,0.0250939,0.0135271,0.0170339,0.00895407,0.00877666,0.0232177,0.0207893,0.00976051,0,0.0536517,0.00918044,0.0473218,0.0444313,0,0,0.0287483,0.0343837,0.0231982,0.0119951,0.00489531,0.0132806,0.0169035,0.0124468,0.0120372,0.00638249,0.00716521,0.0235228,0.0245588,0.0263983,0.0247737,0.016804,0.0142208,0.00419707
59,0.0131097,0.026249,0.0220907,0.00420485,0.0139008,0,0.0466925,0.0102012,0.00760357,0.0185627,0.0359843,0.0324894,0,0,0.0115584,0.0148659,0.0098901,0.0144638,0.0242637,0.0127358,0.0157375,0.00770289,0.00848866,0.0232377,0.0206538,0.0102802,0,0.0535368,0.00893327,0.0474979,0.0445274,0,0,0.0290185,0.0347075,0.0225503,0.0123429,0.00419376,0.0130162,0.0168703,0.0130196,0.0121197,0.00597335,0.00620093,0.0235259,0.0238032,0.0260152,0.0243673,0.0162256,0.0135729,0.00361434
60,0.0132248,0.0269771,0.0218144,0.00506049,0.0133335,0,0.0467714,0.00981573,0.00764925,0.0193708,0.0359312,0.0322193,0,0,0.0129006,0.0154607,0.00994308,0.0148545,0.0229183,0.0115619,0.0140731,0.00621468,0.00825132,0.0231088,0.0204585,0.0109781,0,0.0533398,0.00867268,0.0476946,0.044557,0,0,0.0292716,0.0350033,0.0217229,0.0128284,0.00346093,0.0126362,0.0167029,0.0135871,0.012062,0.0059232,0.00508772,0.0233934,0.0229785,0.0255615,0.0238344,0.0155331,0.0127864,0.00289866
61,0.0133139,0.0277625,0.0215918,0.00617591,0.0128522,0,0.0468419,0.00943283,0.00775374,0.0198802,0.0357344,0.0318932,0,0,0.0141462,0.0158701,0.00985319,0.0149593,0.0212958,0.0102931,0.0122861,0.00484063,0.00841417,0.0227969,0.0202232,0.0118374,0,0.0530606,0.00842487,0.0479076,0.0445172,0,0,0.0294823,0.0352556,0.0207133,0.0134252,0.00274378,0.0121073,0.0163891,0.0140996,0.0118291,0.00634694,0.00398457,0.0230771,0.0221311,0.0250493,0.0231926,0.01472,0.0118952,0.00211943
62,0.013397,0.028532,0.0214202,0.00730862,0.0124732,0,0.0469169,0.00907243,0.00786723,0.0201195,0.0354214,0.0315252,0,0,0.0151142,0.016088,0.00965833,0.0148295,0.0197089,0.00926494,0.010685,0.00403676,0.0090053,0.0223372,0.0199822,0.012822,0,0.0527055,0.00822639,0.048101,0.0444096,0,0,0.0296289,0.0354499,0.019526,0.0140855,0.00208754,0.0114053,0.0159408,0.014501,0.0113994,0.00725723,0.00338091,0.0225206,0.0213186,0.024488,0.0224798,0.0137914,0.0109684,0.00146823
63,0.0134829,0.0291985,0.0212945,0.00828076,0.0122053,0,0.0470032,0.00875677,0.00794009,0.0201037,0.0350278,0.0311412,0,0,0.0157012,0.0161578,0.00938297,0.0145806,0.0184628,0.00873228,0.0095621,0.00398612,0.00976649,0.0218138,0.0197605,0.0138798,0,0.052288,0.00811358,0.0482106,0.0442419,0,0,0.0297006,0.0355747,0.0181749,0.0147483,0.00153682,0.0105363,0.0153918,0.014735,0.0107992,0.00858499,0.0040117,0.0216822,0.0205908,0.0238801,0.0217378,0.012773,0.0100984,0.00146384
64,0.0135655,0.0296802,0.0212068,0.00900769,0.0120509,0,0.0470962,0.00850692,0.00794246,0.0198361,0.0345883,0.0307714,0,0,0.0159057,0.0161455,0.00905688,0.0143412,0.0177739,0.00876885,0.00909225,0.00432335,0.0104257,0.0213123,0.019558,0.0149488,0,0.0518236,0.00811707,0.048169,0.0440214,0,0,0.0296966,0.0356204,0.016684,0.0153523,0.00113903,0.00956801,0.0147968,0.0147528,0.0101393,0.0102274,0.0057702,0.0205578,0.0199674,0.0232136,0.0209956,0.0117133,0.00938115,0.00224225
65,0.0136297,0.0299186,0.0211456,0.00948221,0.0120068,0,0.0471778,0.0083424,0.0078806,0.0193289,0.034131,0.030438,0,0,0.015802,0.0161194,0.00873359,0.0142067,0.0177177,0.00928635,0.0092589,0.00465021,0.0108467,0.0208812,0.019347,0.0159666,0,0.0513263,0.00825587,0.047943,0.0437515,0,0,0.0296218,0.0355775,0.0150887,0.01585,0.000972793,0.00863711,0.0142278,0.0145272,0.00962412,0.0120617,0.00806202,0.0192004,0.0194207,0.02245,0.0202531,0.0106735,0.00887966,0.00333425
66,0.0136633,0.0298896,0.0210965,0.00974264,0.0120627,0,0.0472206,0.00827894,0.00780111,0.0186237,0.0336723,0.0301433,0,0,0.0154969,0.0161369,0.00848426,0.014216,0.0182237,0.0101267,0.00988652,0.00487079,0.0110187,0.0205293,0.0190847,0.0168822,0,0.0508036,0.00853019,0.0475555,0.043429,0,0,0.0294843,0.0354373,0.0134375,0.0162211,0.00113941,0.00790187,0.0137593,0.0140719,0.00949054,0.0139407,0.0104923,0.0177295,0.0188789,0.0215245,0.0194716,0.00970946,0.00858543,0.00451254
67,0.0136673,0.0296129,0.0210429,0.00984603,0.0121925,0,0.0471947,0.00832606,0.00777592,0.017794,0.0332183,0.0298719,0,0,0.0151067,0.016239,0.00837331,0.0143565,0.0191127,0.0111117,0.0107369,0.00509975,0.0109856,0.0202464,0.0187315,0.0176673,0,0.0502622,0.00891965,0.0470742,0.0430523,0,0,0.0292949,0.0351996,0.0117953,0.0164747,0.00166698,0.00744985,0.0134446,0.0134565,0.00986897,0.0156986,0.0127926,0.0163145,0.0182439,0.0203581,0.0185734,0.00886308,0.00840318,0.00568271
68,0.0136533,0.0291489,0.0209689,0.00985402,0.0123493,0,0.0470775,0.00848015,0.00786621,0.0169362,0.0327633,0.0295939,0,0,0.0147399,0.016439,0.00842703,0.0145811,0.0201484,0.0120543,0.0115836,0.0054783,0.0107941,0.0200124,0.0182678,0.0183233,0,0.0497071,0.00938495,0.0465736,0.0426227,0,0,0.02907,0.0348823,0.0102455,0.0166467,0.00257433,0.00725329,0.0132916,0.0128146,0.010701,0.0171813,0.0147685,0.0151378,0.0174276,0.0188992,0.0174626,0.00816702,0.00818586,0.00677688
69,0.0136382,0.0285956,0.0208583,0.00982132,0.0124616,0,0.0468666,0.00871858,0.00808293,0.0161437,0.0322951,0.0292793,0,0,0.014488,0.0167172,0.00862394,0.0148265,0.0210828,0.0127869,0.0122292,0.00601278,0.0104727,0.0198036,0.0177039,0.0188763,0,0.0491449,0.00987731,0.0461072,0.0421492,0,0,0.0288352,0.0345281,0.00889477,0.0167853,0.00391906,0.00722753,0.0132659,0.0123317,0.0118003,0.0182823,0.0163072,0.0143278,0.0163812,0.0171661,0.0160535,0.00766447,0.00779103,0.00772349
70,0.0136385,0.0280848,0.0206974,0.0097916,0.0124473,0,0.0465866,0.00900593,0.0083925,0.0154789,0.0318023,0.028912,0,0,0.0144118,0.0170231,0.00890431,0.0150244,0.0217018,0.0132034,0.0124924,0.00655305,0.0100338,0.0196061,0.0170788,0.0193691,0,0.0485823,0.0103561,0.0457004,0.0416498,0,0,0.028621,0.0341948,0.00786191,0.0169352,0.00571557,0.00731955,0.0133127,0.0121967,0.0129618,0.0189697,0.0173858,0.0138994,0.0151227,0.0152676,0.0142943,0.0074292,0.00713176,0.00845453
71,0.0136707,0.0277752,0.0204786,0.00980236,0.0122443,0,0.0462882,0.00930742,0.00875673,0.0149574,0.0312794,0.0284981,0,0,0.0145243,0.0172841,0.00918751,0.0151021,0.0218687,0.013281,0.0122043,0.00689278,0.00948107,0.019435,0.0164526,0.0198514,0,0.0480234,0.0108062,0.0453628,0.0411489,0,0,0.0284523,0.0339315,0.00723664,0.0171262,0.0078665,0.00753642,0.0133642,0.012528,0.0140119,0.0192902,0.0180611,0.0137581,0.0137619,0.0133826,0.0121844,0.00754818,0.00621768,0.00894179
72,0.013726,0.0278261,0.020206,0.00984262,0.0118482,0,0.0459995,0.00961041,0.00909962,0.0145502,0.0307166,0.0280591,0,0,0.0147773,0.0174363,0.00940395,0.0150132,0.0215489,0.0130529,0.0112633,0.00689308,0.00884357,0.0193182,0.0158766,0.0203566,0,0.0475073,0.0112221,0.045129,0.0406911,0,0,0.0283613,0.0337749,0.00702599,0.0173624,0.0102133,0.00795953,0.0132899,0.0133538,0.0148056,0.019359,0.0184603,0.0137651,0.0124941,0.0116853,0.00977886,0.00804814,0.00520493,0.00918762
73,0.0138251,0.0283532,0.0198872,0.0099319,0.0113209,0,0.0457818,0.00990698,0.00941008,0.0141948,0.0301304,0.0276488,0,0,0.0150849,0.0174214,0.00950035,0.0147163,0.0208292,0.0126113,0.00969919,0.00653221,0.00813097,0.0193244,0.0154153,0.0209145,0,0.0470445,0.0116371,0.0450259,0.0403103,0,0,0.0283449,0.0337155,0.00711109,0.0176252,0.0124511,0.00858941,0.0130172,0.0145521,0.0152414,0.0192948,0.0187015,0.0137931,0.0115785,0.0103035,0.0071983,0.00885453,0.00442692,0.00933386
74,0.013988,0.0293639,0.0195438,0.0100799,0.0107776,0,0.0456868,0.0102014,0.0096898,0.0138306,0.0295541,0.0273335,0,0,0.0153527,0.0172187,0.00946796,0.0142138,0.0198767,0.012058,0.00772813,0.00594057,0.00736435,0.0195108,0.0151163,0.0215323,0,0.0466457,0.0120895,0.0450782,0.0400361,0,0,0.0283893,0.0337255,0.00733846,0.0178901,0.0142443,0.00936709,0.0125316,0.0159489,0.0152938,0.0191952,0.0188725,0.0137778,0.0112076,0.00929509,0.00465263,0.00979398,0.00429295,0.00957878
75,0.0142165,0.0307464,0.0192115,0.0102623,0.0103438,0,0.0457337,0.0105059,0.00992713,0.0134201,0.0290269,0.0271729,0,0,0.0155102,0.0168608,0.00934613,0.0135687,0.0188829,0.0114785,0.00572904,0.00537083,0.00658703,0.0198758,0.0149924,0.0222018,0,0.0463299,0.0125992,0.0452962,0.0398891,0,0,0.0284825,0.0337774,0.00759428,0.0181484,0.015346,0.0101993,0.0118924,0.0173906,0.0150262,0.0191322,0.0190269,0.0137195,0.0113593,0.00865131,0.00263014,0.0106695,0.0048693,0.0100544
76,0.0144702,0.0322971,0.0189443,0.0104332,0.0101149,0,0.0458907,0.0108512,0.0101242,0.0129795,0.028569,0.0271815,0,0,0.0155096,0.0164156,0.00919035,0.0128816,0.0180345,0.0109587,0.00419056,0.00507223,0.00587003,0.0203106,0.0150013,0.0229319,0,0.0460989,0.0131632,0.0456294,0.0398492,0,0,0.0286,0.033844,0.00783736,0.0184395,0.015656,0.0109883,0.0112483,0.0187445,0.0146013,0.0191729,0.0192035,0.0136825,0.011811,0.00832939,0.00249657,0.0113118,0.00579796,0.0107746
77,0.0147325,0.0338338,0.0187589,0.0105172,0.0100848,0,0.0461418,0.0112192,0.0102557,0.0125043,0.028223,0.0273877,0,0,0.0153745,0.0160012,0.00908443,0.0122785,0.0174075,0.0105142,0.00348177,0.0050587,0.00524626,0.0206914,0.0151177,0.0236922,0,0.0459662,0.0137498,0.0460511,0.0399205,0,0,0.0287473,0.0339224,0.00808607,0.0187801,0.0152898,0.0116319,0.0107295,0.01997,0.0141702,0.0193385,0.0193989,0.0137046,0.0122864,0.00821689,0.00393733,0.0116423,0.00677325,0.0115681
78,0.0149867,0.0352152,0.0186639,0.0104699,0.010204,0,0.046456,0.0115919,0.0103224,0.0120162,0.0280123,0.0277854,0,0,0.0151435,0.0157176,0.00908218,0.0118565,0.0170144,0.0101542,0.0035466,0.00517332,0.00474172,0.0208795,0.0153056,0.0244603,0,0.0459226,0.0143234,0.0465096,0.0400832,0,0,0.0289215,0.0340094,0.0083865,0.0191945,0.0144913,0.012071,0.0104366,0.0210535,0.0138637,0.0196314,0.0196096,0.0138098,0.0126233,0.00822529,0.00547125,0.0116657,0.00767226,0.0122137
79,0.0152165,0.0363596,0.0186579,0.0102838,0.0104124,0,0.0467896,0.0119545,0.0103402,0.0115523,0.0279312,0.0283331,0,0,0.014855,0.015613,0.00919446,0.0116609,0.0168193,0.00988746,0.00397188,0.00527956,0.00437546,0.0207938,0.0155283,0.0252176,0,0.0459422,0.0148505,0.0469487,0.0402996,0,0,0.0291112,0.034098,0.00878841,0.0196988,0.0135572,0.0123067,0.0103979,0.0219967,0.0137537,0.0200351,0.0198478,0.0139984,0.0127844,0.00830068,0.00673982,0.011453,0.00847734,0.0125286
80,0.0154083,0.0372438,0.0187312,0.00998171,0.0106633,0,0.047096,0.0122947,0.0103401,0.0111463,0.0279484,0.028964,0,0,0.0145436,0.0156722,0.00939653,0.0116787,0.0167676,0.00972656,0.00448468,0.00534918,0.00414982,0.0204601,0.0157507,0.0259455,0,0.0459896,0.0153047,0.0473224,0.0405222,0,0,0.029299,0.0341761,0.00931703,0.0202878,0.0127426,0.0123816,0.0105606,0.022805,0.0138525,0.0205194,0.02014,0.0142521,0.0128054,0.00841892,0.00770408,0.0111152,0.00919396,0.0124368
81,0.0155568,0.0378851,0.0188716,0.00960854,0.0109289,0,0.0473381,0.0126045,0.0103616,0.0108151,0.0280155,0.0296039,0,0,0.014233,0.0158279,0.009633,0.0118479,0.0168112,0.00968503,0.00499458,0.00541924,0.00404334,0.0199956,0.015939,0.0266213,0,0.0460268,0.0156761,0.0476025,0.0407038,0,0,0.0294629,0.0342274,0.00995968,0.0209326,0.012188,0.0123504,0.0108189,0.0234794,0.014137,0.0210528,0.0205142,0.0145449,0.0127324,0.00856479,0.00839749,0.0107687,0.00981022,0.0119938
82,0.0156679,0.0383203,0.0190667,0.00921825,0.011192,0,0.0474969,0.0128811,0.010437,0.0105528,0.0280795,0.0301882,0,0,0.0139284,0.0159881,0.00982524,0.0120769,0.0169191,0.00976841,0.00546374,0.00552536,0.00401347,0.0195378,0.0160633,0.027212,0,0.0460234,0.0159728,0.0477799,0.0408068,0,0,0.0295826,0.0342374,0.0106684,0.0215852,0.0118955,0.0122598,0.0110646,0.024015,0.01457,0.0216125,0.0209832,0.0148545,0.0125866,0.00871107,0.00886255,0.0105011,0.0103084,0.0113612
83,0.0157555,0.0385897,0.0193045,0.00886257,0.0114399,0,0.0475716,0.0131284,0.0105795,0.0103358,0.0280946,0.030673,0,0,0.0136146,0.016068,0.00989052,0.0122685,0.0170758,0.00996808,0.00584962,0.00567352,0.004011,0.019173,0.0161009,0.0276773,0,0.0459644,0.016216,0.0478612,0.0408095,0,0,0.0296446,0.0342003,0.0113745,0.0221895,0.0117546,0.0121389,0.0112343,0.0244052,0.0151047,0.0221843,0.0215321,0.0151675,0.0123681,0.00881566,0.00912929,0.0103469,0.0106933,0.0107487
84,0.0158361,0.0387288,0.0195717,0.00858187,0.011663,0,0.0475753,0.0133582,0.0107777,0.010138,0.0280284,0.0310383,0,0,0.0132611,0.0160121,0.0097673,0.0123425,0.01727,0.0102601,0.00610016,0.00584309,0.00399314,0.0189081,0.0160423,0.0279775,0,0.0458519,0.0164325,0.0478632,0.0407088,0,0,0.0296453,0.0341222,0.0120097,0.0226954,0.0116062,0.0119978,0.0113319,0.0246462,0.0156805,0.0227529,0.0221163,0.0154811,0.0120759,0.008836,0.00921635,0.0102824,0.0109731,0.010345
85,0.015922,0.0387655,0.0198555,0.00839713,0.0118607,0,0.0475298,0.0135913,0.0110012,0.0099454,0.0278618,0.0312836,0,0,0.0128323,0.0158008,0.00943603,0.0122532,0.0174843,0.0106108,0.00618139,0.00600471,0.00393066,0.0186855,0.0158917,0.0280871,0,0.0456985,0.0166495,0.0478071,0.0405184,0,0,0.02959,0.0340189,0.0125264,0.0230714,0.0113122,0.0118316,0.0114192,0.0247396,0.016223,0.0232925,0.0226708,0.0158013,0.0117212,0.00875155,0.0091438,0.0102375,0.0111012,0.0102628
86,0.0160135,0.0387249,0.0201446,0.00830708,0.0120442,0,0.0474598,0.0138495,0.0112137,0.00975878,0.0275874,0.0314197,0,0,0.012303,0.0154429,0.00892564,0.0119966,0.0176913,0.0109843,0.00611111,0.0061412,0.00380959,0.0184244,0.015666,0.0280031,0,0.0455232,0.016886,0.0477154,0.0402674,0,0,0.0294946,0.0339129,0.0129052,0.0233118,0.0107998,0.0116262,0.0115808,0.0246925,0.0166546,0.0237625,0.0231207,0.0161345,0.0113217,0.00857731,0.00893874,0.0101141,0.0109651,0.0105142
87,0.0160905,0.0386376,0.0204305,0.00828316,0.0122369,0,0.0473839,0.0141432,0.0113898,0.00958443,0.0272093,0.0314619,0,0,0.0116748,0.0149683,0.00831083,0.0116095,0.0178612,0.0113505,0.00597278,0.006266,0.00364324,0.0180655,0.0153847,0.0277508,0,0.0453506,0.0171412,0.0476097,0.0399978,0,0,0.0293858,0.0338288,0.0131477,0.0234362,0.0100759,0.011365,0.0118779,0.0245207,0.0169155,0.0241139,0.0233965,0.0164782,0.0108928,0.00836012,0.00863088,0.00980691,0.0104584,0.0110193
88,0.0161293,0.0385322,0.0207117,0.00828793,0.0124655,0,0.0473183,0.0144761,0.0115154,0.0094373,0.0267354,0.0314249,0,0,0.0109641,0.0144049,0.00767162,0.011145,0.0179722,0.0116933,0.00587746,0.00641381,0.00345907,0.0175917,0.015061,0.0273777,0,0.0451981,0.0174079,0.0475055,0.0397482,0,0,0.0292889,0.0337825,0.0132803,0.023493,0.0091975,0.0110381,0.0123246,0.0242326,0.0169752,0.0243058,0.0234485,0.016814,0.0104302,0.00814158,0.00822914,0.0092218,0.00955532,0.011652
89,0.0161185,0.0384345,0.0209938,0.00829249,0.0127529,0,0.0472737,0.0148478,0.0115873,0.00933949,0.0261771,0.0313234,0,0,0.0101927,0.0137727,0.00706232,0.0106497,0.0180222,0.0120138,0.00591466,0.00662137,0.00328294,0.0170224,0.0146932,0.0269452,0,0.0450788,0.0176782,0.0474166,0.03955,0,0,0.0292245,0.0337782,0.013342,0.023547,0.00824286,0.0106445,0.0128777,0.0238239,0.0168315,0.0243208,0.0232554,0.01711,0.0099167,0.00793269,0.00771755,0.00831767,0.00831412,0.0122861
90,0.0160605,0.0383681,0.0212862,0.00827805,0.0131101,0,0.0472554,0.0152498,0.011615,0.00931431,0.0255509,0.0311728,0,0,0.00938347,0.0130959,0.00650393,0.0101548,0.0180311,0.012325,0.00612687,0.0069105,0.00313698,0.0163952,0.0142656,0.0265158,0,0.0450004,0.0179436,0.0473558,0.0394224,0,0,0.0292069,0.0338133,0.0133716,0.0236595,0.00729241,0.0101949,0.0134514,0.0232824,0.0165086,0.0241774,0.0228326,0.017338,0.00933963,0.00769914,0.00708573,0.00716683,0.00683563,0.0128286
91,0.0159673,0.0383532,0.0216012,0.00823572,0.0135327,0,0.0472646,0.0156655,0.0116188,0.00937476,0.0248786,0.0309895,0,0,0.00855757,0.0124109,0.00599114,0.00967605,0.0180353,0.0126422,0.00652239,0.0072846,0.00303628,0.015748,0.0137584,0.0261401,0,0.0449648,0.0181958,0.0473334,0.0393724,0,0,0.0292444,0.0338876,0.0133988,0.0238658,0.00641528,0.00970886,0.0139554,0.0225955,0.0160507,0.0239276,0.0222325,0.0174908,0.00871065,0.00737699,0.00639093,0.00602385,0.00523461,0.0132387
92,0.0158551,0.0384028,0.0219511,0.00816637,0.0140021,0,0.0472989,0.0160736,0.0116243,0.00951509,0.024186,0.0307907,0,0,0.00773495,0.0117584,0.00550638,0.00921902,0.018078,0.0129758,0.00709092,0.00773301,0.00298221,0.0151113,0.0131647,0.0258467,0,0.0449692,0.0184284,0.0473539,0.0393964,0,0,0.0293374,0.0340075,0.013439,0.0241628,0.00565981,0.00920692,0.0143342,0.0217568,0.0155152,0.0236333,0.0215345,0.0175849,0.00808021,0.00693816,0.0058368,0.00536739,0.00371092,0.0135262
93,0.0157381,0.0385193,0.022345,0.00807953,0.0144918,0,0.0473537,0.0164522,0.0116543,0.00971463,0.0234982,0.0305903,0,0,0.006939,0.0111656,0.00503355,0.00878583,0.0181983,0.0133289,0.00779882,0.0082345,0.00295653,0.0145072,0.0125046,0.0256402,0,0.0450077,0.0186377,0.0474131,0.0394824,0,0,0.029478,0.0341795,0.0134957,0.0245155,0.00504706,0.00870261,0.0145855,0.0207731,0.0149649,0.0233301,0.0208273,0.0176499,0.00754733,0.00648518,0.00579105,0.00568854,0.00291422,0.0137373
94,0.0156246,0.0386925,0.0227845,0.00799082,0.0149748,0,0.0474211,0.0167831,0.0117229,0.00994906,0.0228329,0.0303942,0,0,0.00619903,0.0106331,0.00456637,0.00838113,0.0184207,0.0137011,0.00858334,0.00875885,0.00292136,0.0139496,0.0118271,0.0255046,0,0.0450736,0.0188216,0.0474975,0.0396115,0,0,0.0296496,0.0344003,0.0135644,0.0248774,0.00456765,0.00819664,0.0147533,0.0196664,0.0144572,0.0230028,0.0201855,0.0177128,0.00726177,0.00631245,0.00655551,0.00698051,0.00384829,0.0139331
95,0.0155178,0.0389018,0.0232604,0.00791736,0.0154298,0,0.0474907,0.0170544,0.0118342,0.0101983,0.022197,0.0301963,0,0,0.00554294,0.0101385,0.00411193,0.00801477,0.0187456,0.014094,0.00936647,0.00927058,0.00283018,0.0134425,0.0111937,0.0254118,0,0.0451599,0.0189786,0.0475849,0.0397611,0,0,0.0298295,0.0346529,0.0136383,0.025209,0.00418608,0.00767597,0.0149053,0.0184731,0.0140324,0.0225903,0.0196467,0.0177878,0.00739488,0.00679397,0.00807372,0.00887108,0.0060244,0.014165
96,0.0154163,0.0391204,0.0237547,0.00787108,0.0158451,0,0.0475505,0.0172616,0.0119865,0.0104488,0.0215837,0.0299798,0,0,0.00497954,0.00965803,0.00369123,0.00770129,0.0191493,0.0145137,0.0100784,0.00973524,0.0026516,0.0129789,0.0106532,0.0253299,0,0.0452593,0.019107,0.0476474,0.0399072,0,0,0.0299939,0.0349119,0.0137114,0.0254879,0.00385448,0.00711845,0.0151064,0.0172388,0.0137076,0.0220212,0.0191978,0.0178736,0.00805966,0.00806066,0.010078,0.0110641,0.00870216,0.0144504
97,0.0153155,0.0393229,0.0242453,0.00785133,0.0162186,0,0.0475903,0.0174062,0.0121749,0.0106927,0.020978,0.0297257,0,0,0.00448326,0.00918954,0.0033371,0.00745668,0.0195909,0.0149679,0.0106686,0.0101235,0.00239862,0.0125446,0.0102252,0.0252292,0,0.0453631,0.0192054,0.0476559,0.0400272,0,0,0.0301261,0.0351539,0.0137817,0.0257053,0.00353368,0.00650282,0.0153976,0.016014,0.0134759,0.0212526,0.0187792,0.0179549,0.00923898,0.00991259,0.0123335,0.013384,0.0115586,0.0147567
98,0.0152072,0.0394917,0.0247132,0.00784252,0.0165555,0,0.0476016,0.0174926,0.0123969,0.0109253,0.0203658,0.0294202,0,0,0.00399622,0.008759,0.00308772,0.00729216,0.0200287,0.0154625,0.0111038,0.0104148,0.00213803,0.0121231,0.0098967,0.0250882,0,0.0454637,0.0192715,0.0475879,0.0401023,0,0,0.0302247,0.0353671,0.0138497,0.0258596,0.0032103,0.0058223,0.015787,0.0148466,0.013309,0.0202886,0.0183105,0.0180034,0.0108048,0.0120577,0.0146804,0.0157089,0.0143918,0.0150111
99,0.0150835,0.0396173,0.0251469,0.0078185,0.0168631,0,0.0475796,0.0175268,0.0126528,0.011145,0.0197421,0.0290616,0,0,0.00345432,0.00840507,0.00297111,0.00721079,0.0204316,0.0159982,0.0113671,0.0105949,0.00195809,0.0117011,0.00963482,0.0248958,0,0.0455557,0.0193022,0.0474349,0.0401175,0,0,0.0303034,0.0355528,0.0139189,0.0259499,0.00290337,0.00510415,0.0162462,0.013776,0.0131572,0.0191715,0.017727,0.0179792,0.0125813,0.014252,0.0169948,0.0179322,0.0170363,0.01513
100,0.0149422,0.0396946,0.0255444,0.00775355,0.0171462,0,0.0475227,0.0175171,0.0129427,0.0113534,0.0191134,0.0286614,0,0,0.00282919,0.0081548,0.00298755,0.00720899,0.0207851,0.0165696,0.0114697,0.0106533,0.00191603,0.0112713,0.00940341,0.0246517,0,0.0456354,0.0192969,0.0472079,0.0400637,0,0,0.0303823,0.0357195,0.0139968,0.0259763,0.00264652,0.00442607,0.0167135,0.0128283,0.0129573,0.0179629,0.017008,0.0178343,0.0143833,0.0163011,0.0191507,0.0199455,0.0193501,0.0150522
101,0.0147862,0.0397257,0.0259061,0.00763783,0.0174005,0,0.0474291,0.0174679,0.013265,0.011551,0.0185009,0.0282409,0,0,0.00217121,0.0080023,0.00310225,0.00727433,0.0210878,0.017165,0.0114571,0.0105857,0.00203116,0.0108325,0.00917318,0.0243628,0,0.0457076,0.0192525,0.0469358,0.039943,0,0,0.0304822,0.0358805,0.0140893,0.0259346,0.00245067,0.00391482,0.0171061,0.0120143,0.0126425,0.0167213,0.0161709,0.0175155,0.0160257,0.0180297,0.0209997,0.0216318,0.0212116,0.0147518
102,0.0146218,0.0397174,0.026234,0.00748069,0.0176143,0,0.0472975,0.0173811,0.0136112,0.0117387,0.0179343,0.0278248,0,0,0.00164252,0.00791221,0.00325986,0.0073927,0.0213479,0.0177688,0.0113867,0.0103946,0.00230913,0.0103877,0.00892583,0.0240408,0,0.0457833,0.0191664,0.0466553,0.0397691,0,0,0.0306155,0.0360465,0.0142019,0.025821,0.00226911,0.00373659,0.0173419,0.0113293,0.012163,0.0154922,0.0152514,0.0169787,0.0173277,0.0192673,0.0223736,0.0228631,0.0225147,0.0142288
103,0.0144538,0.0396835,0.0265297,0.00730107,0.0177736,0,0.0471301,0.0172561,0.0139646,0.0119164,0.0174478,0.0274379,0,0,0.00149918,0.00784119,0.00340605,0.00755278,0.021577,0.018362,0.0112938,0.0100897,0.00271703,0.0099438,0.00865246,0.0236996,0,0.0458782,0.0190381,0.046399,0.0395667,0,0,0.0307868,0.0362262,0.0143396,0.0256337,0.00202506,0.00404092,0.0173683,0.0107579,0.011501,0.0143022,0.0142774,0.0162053,0.0181185,0.0198529,0.0231062,0.0235079,0.0231644,0.0134952
104,0.0142815,0.0396471,0.0267947,0.00711257,0.0178689,0,0.0469347,0.0170909,0.0143018,0.0120833,0.0170743,0.0271032,0,0,0.00178961,0.00776415,0.00350301,0.00774459,0.0217844,0.018923,0.0111793,0.00968587,0.00318024,0.00951081,0.00835075,0.0233524,0,0.0460109,0.0188686,0.0461881,0.0393671,0,0,0.0309992,0.0364316,0.0145077,0.0253761,0.00169069,0.00485573,0.0171892,0.0102818,0.0106751,0.0131598,0.0132573,0.0152114,0.0182491,0.0196557,0.0230673,0.0234506,0.0230818,0.0125768
105,0.0140992,0.0396366,0.0270301,0.00691112,0.0179011,0,0.046726,0.0168847,0.0145964,0.0122384,0.0168383,0.0268402,0,0,0.00227185,0.00769042,0.00353666,0.00795327,0.0219714,0.0194302,0.011031,0.00920052,0.00363208,0.00910113,0.00802345,0.0230095,0,0.0462003,0.0186603,0.0460306,0.0392013,0,0,0.0312588,0.0366816,0.0147143,0.025059,0.00136633,0.00605788,0.0168722,0.00988824,0.00973612,0.0120687,0.0121909,0.0140496,0.0176134,0.0186062,0.0222027,0.02262,0.0222229,0.0115263
106,0.0138983,0.0396786,0.0272366,0.00667655,0.0178823,0,0.0465205,0.0166391,0.0148223,0.0123805,0.0167489,0.0266636,0,0,0.00277473,0.0076542,0.00351537,0.008153,0.0221272,0.0198664,0.010852,0.00865155,0.00404199,0.00872881,0.00767921,0.0226741,0,0.046465,0.0184141,0.0459263,0.0390937,0,0,0.0315781,0.0370033,0.0149712,0.0247001,0.00129265,0.00744292,0.0165251,0.00957376,0.00875643,0.0110488,0.011091,0.0127986,0.0161851,0.0167293,0.0205723,0.0210225,0.0206123,0.0104336
107,0.0136767,0.0397853,0.0274173,0.00638591,0.0178357,0,0.0463336,0.0163611,0.0149593,0.0125075,0.0167949,0.0265823,0,0,0.00323123,0.0076893,0.00346479,0.0083123,0.0222307,0.0202217,0.0106723,0.00805799,0.00440362,0.00840746,0.00733438,0.0223407,0,0.0468188,0.0181323,0.0458729,0.039058,0,0,0.0319715,0.0374206,0.0152963,0.0243213,0.00157867,0.00879808,0.0162523,0.00933681,0.00781756,0.0101462,0.0100046,0.0115493,0.0140699,0.0141746,0.0183769,0.0187748,0.0183836,0.00942456
108,0.0134421,0.0399503,0.0275784,0.00603286,0.0177882,0,0.0461808,0.0160624,0.0150105,0.0126173,0.0169525,0.0266005,0,0,0.0036072,0.00780192,0.00342026,0.0083982,0.022255,0.0204937,0.0105343,0.00744772,0.00471193,0.00814968,0.00700971,0.0219963,0,0.0472628,0.0178201,0.0458667,0.0390954,0,0,0.0324481,0.0379392,0.0157094,0.0239441,0.00206355,0.00994563,0.0161264,0.00916757,0.00699679,0.00941808,0.00901545,0.0103833,0.0115709,0.0112375,0.0159622,0.0161312,0.0158098,0.00865089
109,0.0132068,0.0401496,0.0277273,0.00562895,0.0177608,0,0.0460735,0.0157529,0.0149991,0.0127111,0.0171944,0.0267198,0,0,0.00387389,0.00797258,0.00341835,0.00838473,0.0221749,0.0206849,0.0104633,0.00685721,0.00496144,0.00796862,0.00672816,0.02162,0,0.0477858,0.0174821,0.0459033,0.0391968,0,0,0.0330084,0.038538,0.0162314,0.0235827,0.00262457,0.0107717,0.0161618,0.00904976,0.00635399,0.00889571,0.00822053,0.00936071,0.00925753,0.008376,0.013767,0.0134841,0.0132813,0.00823595
110,0.0129848,0.0403487,0.0278707,0.00520096,0.0177621,0,0.0460103,0.0154343,0.0149604,0.0127929,0.0174987,0.0269364,0,0,0.00400105,0.00816992,0.00349131,0.00825268,0.0219785,0.0208028,0.0104523,0.00633059,0.00515097,0.00787133,0.00650825,0.0211867,0,0.0483739,0.0171149,0.0459793,0.0393517,0,0,0.0336468,0.0391782,0.0168779,0.0232374,0.00318178,0.0112219,0.0162991,0.00897052,0.00590676,0.00854862,0.00767878,0.00851153,0.00791417,0.00621151,0.0121778,0.0113013,0.0111979,0.00819306
111,0.012788,0.0405009,0.0280168,0.0047911,0.0177884,0,0.0459769,0.0151091,0.0149347,0.0128749,0.0178445,0.0272334,0,0,0.00396198,0.00836667,0.00367149,0.00799889,0.0216799,0.0208711,0.0104821,0.00592106,0.00528302,0.00785346,0.0063664,0.0206741,0,0.0490058,0.0167151,0.0460839,0.0395415,0,0,0.0343418,0.0398128,0.0176571,0.022903,0.00358302,0.0112871,0.0164175,0.00892217,0.00561524,0.00828781,0.00737642,0.00783894,0.00794495,0.00529773,0.0113048,0.00992421,0.00976411,0.00839693
112,0.0126281,0.0405556,0.0281763,0.00445922,0.0178278,0,0.0459547,0.0147834,0.0149697,0.0129673,0.0182166,0.0275815,0,0,0.00373149,0.00853158,0.00397468,0.00764194,0.0213182,0.0209279,0.0105556,0.00568979,0.00536129,0.00789913,0.00631137,0.0200705,0,0.0496513,0.0162862,0.0461959,0.0397385,0,0,0.0350559,0.0404007,0.0185624,0.0225725,0.00362909,0.0110133,0.0164054,0.00891102,0.00540947,0.00801786,0.00725241,0.00733615,0.00874107,0.00538388,0.0108894,0.00928202,0.00884376,0.00866335
113,0.012496,0.0404919,0.0283465,0.00418906,0.0178627,0,0.0459243,0.0144313,0.0150627,0.0130563,0.0186305,0.0279714,0,0,0.00328901,0.00864921,0.00435661,0.00722827,0.0209183,0.0209771,0.0107196,0.00565611,0.00546908,0.00801816,0.00633571,0.0193644,0,0.0503061,0.0158092,0.0463161,0.0399321,0,0,0.0357733,0.0409337,0.0195973,0.0222203,0.00311918,0.0105254,0.0161912,0.00897626,0.00526523,0.00770293,0.0072709,0.00705195,0.00943085,0.00563186,0.0105079,0.0089123,0.00810931,0.00879292
114,0.012393,0.0402771,0.0285371,0.0040057,0.0178891,0,0.0458672,0.0140516,0.0152203,0.0131322,0.0190884,0.028372,0,0,0.00264117,0.00868445,0.00477095,0.00688449,0.0205178,0.0210382,0.0110272,0.00584255,0.00563566,0.0082019,0.00643684,0.0185696,0,0.0509546,0.0152864,0.0464266,0.0400972,0,0,0.0364636,0.0414103,0.0207446,0.0218398,0.0021432,0.0100941,0.0159086,0.00915029,0.00525447,0.00738563,0.00742115,0.00707055,0.00961108,0.00566777,0.00992034,0.00837393,0.00739961,0.00874427
115,0.0123181,0.039881,0.0287605,0.00392257,0.01792,0,0.0457704,0.0136535,0.0154216,0.0131875,0.01959,0.0287541,0,0,0.00186053,0.00860228,0.0051626,0.00679937,0.0201387,0.0211138,0.0115027,0.00623325,0.00587374,0.00844134,0.00660864,0.0177133,0,0.0515859,0.0147261,0.046508,0.0402134,0,0,0.0371019,0.0418357,0.0219802,0.0214337,0.00125058,0.00992754,0.0157873,0.00944295,0.00546939,0.0071922,0.00767925,0.00748344,0.00933206,0.00567484,0.00917187,0.00748629,0.00683772,0.0085518
116,0.0122657,0.0392735,0.0290278,0.00395174,0.0179825,0,0.0456276,0.0132588,0.0156227,0.013225,0.0201309,0.0290934,0,0,0.0013327,0.00837408,0.00547221,0.00713773,0.0197789,0.0211924,0.0121115,0.00676597,0.00616719,0.00872692,0.00684317,0.0168267,0,0.0521924,0.0141419,0.0465383,0.0402669,0,0,0.0376703,0.0422148,0.0232782,0.02101,0.00156902,0.00994886,0.0159845,0.00982865,0.00586894,0.00726149,0.00795082,0.0082922,0.00899344,0.00610206,0.00856759,0.0063553,0.00669318,0.00823799
117,0.0122269,0.0384255,0.0293447,0.00410931,0.0181107,0,0.0454383,0.0128988,0.0157696,0.0132552,0.0207016,0.0293733,0,0,0.00195137,0.00799114,0.0056369,0.00793531,0.0194137,0.0212594,0.0127696,0.00734652,0.00647227,0.00904707,0.00713207,0.0159348,0,0.0527696,0.0135509,0.0464952,0.0402508,0,0,0.0381577,0.0425504,0.0246134,0.0205777,0.00236799,0.00988448,0.016479,0.0102696,0.00626492,0.00762994,0.00808511,0.00937597,0.00916302,0.00719255,0.00848801,0.0053513,0.0070705,0.00779548
118,0.0121945,0.0373115,0.02971,0.00440673,0.0183375,0,0.0452042,0.0126066,0.0158156,0.0132865,0.0212878,0.029584,0,0,0.00343175,0.00749603,0.00559572,0.00910126,0.0190104,0.0213083,0.0133775,0.0078893,0.00673281,0.00938822,0.00746772,0.0150513,0,0.053316,0.0129718,0.0463606,0.040163,0,0,0.0385576,0.0428434,0.0259565,0.0201437,0.00285273,0.0095673,0.0171288,0.0107539,0.00646289,0.0081881,0.00795578,0.0105547,0.0101737,0.00877385,0.00905862,0.00501044,0.00778016,0.00726793
119,0.0121692,0.0359166,0.0301159,0.00483667,0.0186894,0,0.044926,0.012407,0.0157338,0.0133153,0.0218714,0.0297225,0,0,0.00529934,0.00703867,0.00530866,0.0105029,0.0185468,0.0213436,0.0138541,0.00836665,0.0069039,0.00973829,0.00784302,0.014178,0,0.0538336,0.0124229,0.046127,0.0400033,0,0,0.0388684,0.0430951,0.0272652,0.0197134,0.00300563,0.00908653,0.0177882,0.0113011,0.00637901,0.00876743,0.00753996,0.0116689,0.011864,0.0105442,0.0100417,0.00555407,0.00855204,0.00682235
120,0.0121623,0.0342452,0.0305495,0.00536945,0.0191798,0,0.0446059,0.0123111,0.0155242,0.0133214,0.0224349,0.0297923,0,0,0.00741756,0.00692973,0.00480241,0.0120254,0.0180255,0.0213789,0.014152,0.00883531,0.00697034,0.0100907,0.00825074,0.0133083,0,0.0543264,0.011921,0.0457998,0.0397734,0,0,0.0390946,0.043309,0.0284769,0.0192918,0.00308639,0.00869348,0.0183675,0.0119254,0.00606064,0.00924755,0.00693983,0.0126273,0.0138428,0.0123005,0.0111089,0.00659741,0.0092307,0.00668557
121,0.0121915,0.0323288,0.030992,0.0059592,0.0198039,0,0.0442556,0.012317,0.0152111,0.01327,0.0229656,0.029804,0,0,0.00971113,0.00755848,0.0042609,0.0135819,0.0174732,0.0214302,0.0142553,0.00941269,0.00695493,0.0104458,0.0086835,0.0124344,0,0.0547972,0.0114796,0.0453959,0.0394783,0,0,0.0392489,0.0434917,0.0295149,0.0188826,0.0033618,0.00858693,0.0188278,0.0126043,0.00564803,0.00959208,0.00634062,0.0134209,0.0158034,0.0139636,0.0120749,0.00768244,0.00979657,0.00694972
122,0.0122686,0.030228,0.0314195,0.0065466,0.0205393,0,0.0438998,0.012415,0.0148315,0.0131181,0.0234559,0.0297732,0,0,0.0121031,0.009094,0.00412148,0.0151064,0.0169255,0.0215065,0.0141679,0.0102079,0.00692125,0.0108088,0.00913146,0.0115581,0,0.0552451,0.0111071,0.0449377,0.0391294,0,0,0.0393488,0.0436503,0.0303061,0.0184883,0.00386465,0.00876588,0.0191597,0.0132916,0.00531627,0.00982603,0.00592725,0.014109,0.0176018,0.0155339,0.0129252,0.00859092,0.0103097,0.00748375
123,0.0123856,0.0280286,0.0318058,0.00705532,0.0213512,0,0.0435671,0.0125929,0.0144136,0.012822,0.0239026,0.0297173,0,0,0.0145052,0.0113678,0.0048401,0.0165447,0.016405,0.0215989,0.0139011,0.0112544,0.00697818,0.0111881,0.00958056,0.0107027,0,0.0556703,0.0108024,0.0444481,0.0387454,0,0,0.0394122,0.0437888,0.0308044,0.0181094,0.00443365,0.0090775,0.0193563,0.0139537,0.00521185,0.0100046,0.00579492,0.014784,0.0192151,0.0170421,0.013744,0.00930488,0.0108438,0.00805383
124,0.0125229,0.0258235,0.0321285,0.0074195,0.0222035,0,0.0432704,0.0128479,0.0139627,0.0123612,0.0242932,0.0296422,0,0,0.0168108,0.0140715,0.00635054,0.0178507,0.0159093,0.0216752,0.0134681,0.0124927,0.00726439,0.0115814,0.0100075,0.00991433,0,0.0560778,0.0105592,0.0439527,0.0383521,0,0,0.0394519,0.0439055,0.0310003,0.0177448,0.00491225,0.00937504,0.019402,0.0145854,0.00539656,0.0101903,0.00589659,0.015527,0.0206797,0.0185219,0.0146317,0.00991899,0.0114444,0.00846454
125,0.0126627,0.0237084,0.0323664,0.00758248,0.0230539,0,0.04302,0.0131787,0.013488,0.0117427,0.024621,0.0295513,0,0,0.0189264,0.016915,0.00828436,0.0189978,0.0154012,0.0216886,0.0128584,0.0138026,0.00785141,0.0119806,0.0103888,0.00924716,0,0.0564594,0.0103788,0.0434736,0.0379764,0,0,0.0394685,0.0439895,0.0309123,0.0173842,0.00524132,0.00958611,0.0193132,0.015194,0.00581256,0.0104457,0.00610407,0.0163484,0.022026,0.0199763,0.015641,0.0105599,0.0121215,0.0086415
126,0.012784,0.0217744,0.0325036,0.00747563,0.0238575,0,0.042813,0.0135731,0.0129786,0.0110037,0.0248922,0.0294491,0,0,0.0207921,0.0196925,0.0103575,0.0199788,0.0148151,0.0215798,0.0120467,0.0150604,0.0087121,0.0123837,0.0107093,0.00874122,0,0.0567996,0.0102637,0.0430287,0.0376394,0,0,0.039457,0.0440241,0.0305802,0.0170073,0.0054227,0.00968572,0.0191208,0.0158008,0.00635767,0.0108559,0.00634718,0.0172032,0.0232465,0.0213601,0.0167339,0.0113081,0.0128387,0.00857724
127,0.01287,0.0200967,0.0325377,0.00703866,0.0245765,0,0.0426226,0.014011,0.0124026,0.0102123,0.0251189,0.0293342,0,0,0.0223961,0.0222831,0.0124173,0.020803,0.0140851,0.0212963,0.0110163,0.0161853,0.00974517,0.012791,0.0109617,0.00840675,0,0.0570824,0.0102162,0.0426276,0.0373501,0,0,0.0394099,0.0439911,0.0300539,0.0165935,0.00547977,0.00966939,0.0188594,0.0164329,0.00694437,0.011495,0.00666034,0.0180223,0.0243058,0.0225865,0.0177945,0.0121642,0.0135288,0.00829864
128,0.012916,0.0187331,0.0324737,0.00627837,0.0251833,0,0.0424083,0.0144644,0.0117209,0.00945252,0.0253171,0.0292034,0,0,0.0237793,0.0246256,0.0143939,0.0214808,0.0131673,0.0208073,0.00978371,0.0171559,0.0108381,0.0132058,0.01115,0.0082207,0,0.0572993,0.0102329,0.0422734,0.0371065,0,0,0.0393249,0.04388,0.0293953,0.0161257,0.00543843,0.00955692,0.0185587,0.0171187,0.00752857,0.0123723,0.00714817,0.0187511,0.0251676,0.0235549,0.0186757,0.0130588,0.0141167,0.00785275
129,0.0129334,0.0177178,0.0323187,0.00539838,0.0256614,0,0.0421324,0.0149024,0.010907,0.00879724,0.0255052,0.0290586,0,0,0.0250298,0.0266937,0.0162561,0.0220112,0.0120518,0.0201156,0.00842771,0.0180083,0.0119248,0.0136309,0.0112908,0.00813954,0,0.0574552,0.0103004,0.0419717,0.0369049,0,0,0.0392091,0.0436946,0.0286818,0.015598,0.00531866,0.00940545,0.0182394,0.0178795,0.00811074,0.0134079,0.00788806,0.0193801,0.0258131,0.0241902,0.0192529,0.0138901,0.0145381,0.00729886
130,0.0129436,0.0170425,0.0320805,0.00502083,0.0260066,0,0.0417771,0.0153008,0.00996848,0.0082819,0.0257011,0.0289109,0,0,0.0262594,0.0284798,0.0179806,0.0223816,0.0107671,0.0192621,0.00712704,0.0188213,0.01302,0.0140652,0.0114138,0.0081161,0,0.0575677,0.0103972,0.0417371,0.036748,0,0,0.0390768,0.0434527,0.0280035,0.0150227,0.00513436,0.0093048,0.0179134,0.0187203,0.00871086,0.0144632,0.00884596,0.0199478,0.0262487,0.0244787,0.0194673,0.0145722,0.0147512,0.00670001
131,0.0129678,0.0166469,0.0317695,0.00592623,0.026226,0,0.0413511,0.0156479,0.0089642,0.00788184,0.025919,0.0287785,0,0,0.0275668,0.0299863,0.0195372,0.0225805,0.00938067,0.0183217,0.00618922,0.0196927,0.0142094,0.0145078,0.0115571,0.00811165,0,0.0576622,0.010501,0.0415959,0.0366523,0,0,0.0389463,0.043182,0.0274495,0.0144309,0.00489533,0.00934178,0.0175879,0.0196225,0.0093334,0.0154066,0.00988977,0.0205163,0.0265056,0.0244774,0.0193425,0.0150682,0.0147379,0.00611195
132,0.0130169,0.0164378,0.0314028,0.00796152,0.0263371,0,0.0408853,0.0159452,0.00801082,0.00750254,0.0261687,0.0286821,0,0,0.0290059,0.0312264,0.020897,0.0226172,0.00800233,0.0173908,0.00597225,0.0207168,0.0155795,0.0149641,0.0117578,0.00810175,0,0.0577636,0.010594,0.0415779,0.0366487,0,0,0.038837,0.042914,0.027089,0.0138651,0.00461012,0.0095567,0.0172708,0.0205431,0.00995613,0.0161704,0.0108676,0.0211372,0.0266353,0.0242936,0.0189692,0.0153926,0.0144997,0.00557715
133,0.0130862,0.0163289,0.0310074,0.0103686,0.0263677,0,0.0404197,0.0162032,0.00727818,0.00700406,0.0264542,0.0286382,0,0,0.0305736,0.0322309,0.0220518,0.0225345,0.00679695,0.0165697,0.00659377,0.0219633,0.0171322,0.015445,0.0120386,0.00807824,0,0.0578898,0.0106673,0.0417014,0.0367739,0,0,0.0387653,0.0426771,0.0269529,0.0133699,0.00429053,0.00992868,0.0169751,0.0214253,0.0105508,0.0167686,0.0116739,0.0218331,0.026699,0.0240483,0.0184713,0.0155885,0.0140543,0.00512976
134,0.0131569,0.0162698,0.0306187,0.0125514,0.0263509,0,0.0399892,0.0164339,0.00696275,0.00626535,0.0267767,0.0286554,0,0,0.0322239,0.0330563,0.0230287,0.0224045,0.00598735,0.0159451,0.00782343,0.0234602,0.0187551,0.0159578,0.0124009,0.00804583,0,0.0580478,0.0107202,0.0419611,0.0370571,0,0,0.0387437,0.0424904,0.027027,0.0129804,0.00396127,0.0103963,0.0167173,0.022221,0.0111077,0.0172762,0.0122764,0.0225986,0.0267497,0.0238398,0.017966,0.0156937,0.0134342,0.00480929
135,0.0131985,0.016251,0.0302958,0.0141514,0.0263407,0,0.0395853,0.0166715,0.00722242,0.00527079,0.0271056,0.0286973,0,0,0.0338689,0.0337791,0.0238774,0.0223161,0.00576895,0.0155656,0.00936583,0.0251709,0.0203027,0.0164658,0.0128021,0.00802198,0,0.0582332,0.0107826,0.0423082,0.0374814,0,0,0.0387596,0.0423467,0.0272365,0.0127319,0.00364792,0.0108913,0.0165013,0.0228995,0.0116377,0.0177723,0.0126938,0.0234122,0.0268363,0.0237432,0.0175603,0.0157415,0.0127124,0.00463958
136,0.0132063,0.0162778,0.0300581,0.0150517,0.0263466,0,0.0392284,0.0169068,0.00798758,0.00415001,0.0274502,0.0287586,0,0,0.0354467,0.0344609,0.0246422,0.0223138,0.0061355,0.01545,0.0110231,0.0270074,0.021584,0.0169427,0.0132058,0.00801568,0,0.0584314,0.0108521,0.0427195,0.0380264,0,0,0.0388161,0.0422464,0.0275151,0.0126128,0.00342827,0.0113709,0.0163318,0.0234681,0.0121506,0.0183225,0.012997,0.0242313,0.0269599,0.0237689,0.01729,0.0157118,0.0119563,0.00466842
137,0.0131742,0.0163496,0.0299192,0.0153641,0.026368,0,0.0389221,0.017126,0.0090147,0.00316225,0.0278136,0.0288159,0,0,0.0369222,0.0351446,0.025351,0.0224127,0.00687674,0.0155826,0.0126768,0.0288405,0.0224329,0.0173568,0.0135703,0.00803618,0,0.0586194,0.0109283,0.04317,0.0386175,0,0,0.0389014,0.042175,0.0277935,0.0126017,0.0033532,0.0118113,0.0161928,0.0239493,0.0126518,0.0189553,0.0132702,0.0250162,0.0271081,0.0238974,0.0171567,0.0155823,0.0112493,0.00488652
138,0.013096,0.0164562,0.0298835,0.0154096,0.0263953,0,0.0386438,0.0173182,0.0100597,0.00257804,0.0281876,0.0288288,0,0,0.0382931,0.0358393,0.0260023,0.0225968,0.00774929,0.0159145,0.0142418,0.0305261,0.0227344,0.0176912,0.0138681,0.00808934,0,0.0587881,0.0110099,0.0436449,0.0391406,0,0,0.0390026,0.0421153,0.0280225,0.012671,0.00340751,0.0122157,0.0160415,0.0243777,0.0131537,0.0196769,0.0136015,0.0257507,0.0272627,0.0240922,0.0171378,0.0153438,0.0106624,0.00523076
139,0.0129756,0.0165921,0.0299336,0.015602,0.0264058,0,0.0383677,0.0174763,0.0109958,0.00244076,0.0285566,0.0287587,0,0,0.0395697,0.0365141,0.0265736,0.0228216,0.00858577,0.0163789,0.0156598,0.0319471,0.0224479,0.0179552,0.0141104,0.00817007,0,0.0589379,0.0110928,0.0441441,0.0394847,0,0,0.0391161,0.0420612,0.0281799,0.0127862,0.00354544,0.0126027,0.0158436,0.0247652,0.013643,0.0204484,0.0140322,0.0264085,0.0274047,0.0243113,0.0172095,0.0150125,0.0102427,0.00563619
140,0.0128245,0.0167712,0.0300285,0.0163617,0.0263621,0,0.0380711,0.0176016,0.0118952,0.00245978,0.0289028,0.0285881,0,0,0.040751,0.037117,0.0270639,0.0230314,0.00930642,0.0169023,0.0169154,0.0330468,0.0217037,0.0181963,0.014365,0.00825244,0,0.059088,0.0111702,0.0446769,0.0395944,0,0,0.0392641,0.0420321,0.0282678,0.0129085,0.00371182,0.0129921,0.0155805,0.0250833,0.0140759,0.0211847,0.014537,0.026936,0.0275083,0.0245098,0.0173594,0.0146259,0.0100102,0.00605045
141,0.0126576,0.0170289,0.0301129,0.0180484,0.0262123,0,0.0377375,0.0177066,0.0130305,0.00253818,0.0292136,0.0283304,0,0,0.0418129,0.0375949,0.0275272,0.0231799,0.00990176,0.0174206,0.0180418,0.0338363,0.0209586,0.0184967,0.0147427,0.00828678,0,0.059279,0.0112337,0.0452562,0.0394957,0,0,0.0394983,0.0420777,0.0283026,0.012998,0.00386648,0.0133961,0.0152483,0.0252647,0.0143883,0.0217711,0.0150359,0.0272468,0.0275361,0.0246398,0.0175921,0.0142296,0.00996948,0.00644159
142,0.0124867,0.0173995,0.0301476,0.0209246,0.0259146,0,0.0373577,0.0178115,0.014695,0.0034525,0.0294867,0.0280069,0,0,0.0427356,0.0379194,0.0280497,0.0232602,0.0104,0.0178977,0.0190889,0.0343533,0.0210873,0.0189308,0.0153329,0.00822994,0,0.0595486,0.011284,0.0458898,0.0392436,0,0,0.0398699,0.0422496,0.0282955,0.0130278,0.00399367,0.0138137,0.01485,0.0252445,0.0145287,0.0221183,0.0154542,0.0272638,0.0274536,0.0246648,0.0179324,0.013856,0.0101266,0.00679596
