<OpenSimDocument Version="40000">
    <InverseDynamicsTool name="walking1">
        <model_file>../Models/final.osim</model_file>
        <forces_to_exclude>Muscles</forces_to_exclude>
        <time_range> 0.000000 1.570000</time_range>
        <external_loads_file>walking1_external_forces_raw.xml</external_loads_file>
        <coordinates_file>../IK/walking1_ik.mot</coordinates_file>
        <output_gen_force_file>walking1_osim_id_raw.sto</output_gen_force_file>
        <joints_to_report_body_forces/>
        <output_body_forces_file>walking1_id_body_forces_raw.sto</output_body_forces_file>
    </InverseDynamicsTool>
</OpenSimDocument>
