<OpenSimDocument Version="40000">
    <InverseKinematicsTool name="run300">
        <model_file>../Models/optimized_scale_and_markers.osim</model_file>
        <IKTaskSet name="IK_tasks">
            <objects>
                <IKMarkerTask name="C7">
                    <weight>1.0</weight>
                    <apply>true</apply>
                </IKMarkerTask>
                <IKMarkerTask name="CLAV">
                    <weight>1.0</weight>
                    <apply>true</apply>
                </IKMarkerTask>
                <IKMarkerTask name="LACR">
                    <weight>1.0</weight>
                    <apply>true</apply>
                </IKMarkerTask>
                <IKMarkerTask name="LAJC">
                    <weight>1.0</weight>
                    <apply>true</apply>
                </IKMarkerTask>
                <IKMarkerTask name="LASH">
                    <weight>1.0</weight>
                    <apply>true</apply>
                </IKMarkerTask>
                <IKMarkerTask name="LASI">
                    <weight>1.0</weight>
                    <apply>true</apply>
                </IKMarkerTask>
                <IKMarkerTask name="LCAL">
                    <weight>1.0</weight>
                    <apply>true</apply>
                </IKMarkerTask>
                <IKMarkerTask name="LEJC">
                    <weight>1.0</weight>
                    <apply>true</apply>
                </IKMarkerTask>
                <IKMarkerTask name="LFAradius">
                    <weight>1.0</weight>
                    <apply>true</apply>
                </IKMarkerTask>
                <IKMarkerTask name="LFAsuperior">
                    <weight>1.0</weight>
                    <apply>true</apply>
                </IKMarkerTask>
                <IKMarkerTask name="LFAulna">
                    <weight>1.0</weight>
                    <apply>true</apply>
                </IKMarkerTask>
                <IKMarkerTask name="LHJC">
                    <weight>1.0</weight>
                    <apply>true</apply>
                </IKMarkerTask>
                <IKMarkerTask name="LKJC">
                    <weight>1.0</weight>
                    <apply>true</apply>
                </IKMarkerTask>
                <IKMarkerTask name="LLEL">
                    <weight>1.0</weight>
                    <apply>true</apply>
                </IKMarkerTask>
                <IKMarkerTask name="LLFC">
                    <weight>1.0</weight>
                    <apply>true</apply>
                </IKMarkerTask>
                <IKMarkerTask name="LLMAL">
                    <weight>1.0</weight>
                    <apply>true</apply>
                </IKMarkerTask>
                <IKMarkerTask name="LMEL">
                    <weight>1.0</weight>
                    <apply>true</apply>
                </IKMarkerTask>
                <IKMarkerTask name="LMFC">
                    <weight>1.0</weight>
                    <apply>true</apply>
                </IKMarkerTask>
                <IKMarkerTask name="LMMAL">
                    <weight>1.0</weight>
                    <apply>true</apply>
                </IKMarkerTask>
                <IKMarkerTask name="LMT5">
                    <weight>1.0</weight>
                    <apply>true</apply>
                </IKMarkerTask>
                <IKMarkerTask name="LPSH">
                    <weight>1.0</weight>
                    <apply>true</apply>
                </IKMarkerTask>
                <IKMarkerTask name="LPSI">
                    <weight>1.0</weight>
                    <apply>true</apply>
                </IKMarkerTask>
                <IKMarkerTask name="LSJC">
                    <weight>1.0</weight>
                    <apply>true</apply>
                </IKMarkerTask>
                <IKMarkerTask name="LTB1">
                    <weight>1.0</weight>
                    <apply>true</apply>
                </IKMarkerTask>
                <IKMarkerTask name="LTB2">
                    <weight>1.0</weight>
                    <apply>true</apply>
                </IKMarkerTask>
                <IKMarkerTask name="LTB3">
                    <weight>1.0</weight>
                    <apply>true</apply>
                </IKMarkerTask>
                <IKMarkerTask name="LTH1">
                    <weight>1.0</weight>
                    <apply>true</apply>
                </IKMarkerTask>
                <IKMarkerTask name="LTH2">
                    <weight>1.0</weight>
                    <apply>true</apply>
                </IKMarkerTask>
                <IKMarkerTask name="LTH3">
                    <weight>1.0</weight>
                    <apply>true</apply>
                </IKMarkerTask>
                <IKMarkerTask name="LTOE">
                    <weight>1.0</weight>
                    <apply>true</apply>
                </IKMarkerTask>
                <IKMarkerTask name="LUA1">
                    <weight>1.0</weight>
                    <apply>true</apply>
                </IKMarkerTask>
                <IKMarkerTask name="LUA2">
                    <weight>1.0</weight>
                    <apply>true</apply>
                </IKMarkerTask>
                <IKMarkerTask name="LUA3">
                    <weight>1.0</weight>
                    <apply>true</apply>
                </IKMarkerTask>
                <IKMarkerTask name="RACR">
                    <weight>1.0</weight>
                    <apply>true</apply>
                </IKMarkerTask>
                <IKMarkerTask name="RAJC">
                    <weight>1.0</weight>
                    <apply>true</apply>
                </IKMarkerTask>
                <IKMarkerTask name="RASH">
                    <weight>1.0</weight>
                    <apply>true</apply>
                </IKMarkerTask>
                <IKMarkerTask name="RASI">
                    <weight>1.0</weight>
                    <apply>true</apply>
                </IKMarkerTask>
                <IKMarkerTask name="RCAL">
                    <weight>1.0</weight>
                    <apply>true</apply>
                </IKMarkerTask>
                <IKMarkerTask name="REJC">
                    <weight>1.0</weight>
                    <apply>true</apply>
                </IKMarkerTask>
                <IKMarkerTask name="RFAradius">
                    <weight>1.0</weight>
                    <apply>true</apply>
                </IKMarkerTask>
                <IKMarkerTask name="RFAsuperior">
                    <weight>1.0</weight>
                    <apply>true</apply>
                </IKMarkerTask>
                <IKMarkerTask name="RFAulna">
                    <weight>1.0</weight>
                    <apply>true</apply>
                </IKMarkerTask>
                <IKMarkerTask name="RHJC">
                    <weight>1.0</weight>
                    <apply>true</apply>
                </IKMarkerTask>
                <IKMarkerTask name="RKJC">
                    <weight>1.0</weight>
                    <apply>true</apply>
                </IKMarkerTask>
                <IKMarkerTask name="RLEL">
                    <weight>1.0</weight>
                    <apply>true</apply>
                </IKMarkerTask>
                <IKMarkerTask name="RLFC">
                    <weight>1.0</weight>
                    <apply>true</apply>
                </IKMarkerTask>
                <IKMarkerTask name="RLMAL">
                    <weight>1.0</weight>
                    <apply>true</apply>
                </IKMarkerTask>
                <IKMarkerTask name="RMEL">
                    <weight>1.0</weight>
                    <apply>true</apply>
                </IKMarkerTask>
                <IKMarkerTask name="RMFC">
                    <weight>1.0</weight>
                    <apply>true</apply>
                </IKMarkerTask>
                <IKMarkerTask name="RMMAL">
                    <weight>1.0</weight>
                    <apply>true</apply>
                </IKMarkerTask>
                <IKMarkerTask name="RMT5">
                    <weight>1.0</weight>
                    <apply>true</apply>
                </IKMarkerTask>
                <IKMarkerTask name="RPSH">
                    <weight>1.0</weight>
                    <apply>true</apply>
                </IKMarkerTask>
                <IKMarkerTask name="RPSI">
                    <weight>1.0</weight>
                    <apply>true</apply>
                </IKMarkerTask>
                <IKMarkerTask name="RSJC">
                    <weight>1.0</weight>
                    <apply>true</apply>
                </IKMarkerTask>
                <IKMarkerTask name="RTB1">
                    <weight>1.0</weight>
                    <apply>true</apply>
                </IKMarkerTask>
                <IKMarkerTask name="RTB2">
                    <weight>1.0</weight>
                    <apply>true</apply>
                </IKMarkerTask>
                <IKMarkerTask name="RTB3">
                    <weight>1.0</weight>
                    <apply>true</apply>
                </IKMarkerTask>
                <IKMarkerTask name="RTH1">
                    <weight>1.0</weight>
                    <apply>true</apply>
                </IKMarkerTask>
                <IKMarkerTask name="RTH2">
                    <weight>1.0</weight>
                    <apply>true</apply>
                </IKMarkerTask>
                <IKMarkerTask name="RTH3">
                    <weight>1.0</weight>
                    <apply>true</apply>
                </IKMarkerTask>
                <IKMarkerTask name="RTOE">
                    <weight>1.0</weight>
                    <apply>true</apply>
                </IKMarkerTask>
                <IKMarkerTask name="RUA1">
                    <weight>1.0</weight>
                    <apply>true</apply>
                </IKMarkerTask>
                <IKMarkerTask name="RUA2">
                    <weight>1.0</weight>
                    <apply>true</apply>
                </IKMarkerTask>
                <IKMarkerTask name="RUA3">
                    <weight>1.0</weight>
                    <apply>true</apply>
                </IKMarkerTask>
            </objects>
        </IKTaskSet>
        <marker_file>../MarkerData/run300.trc</marker_file>
        <output_motion_file>run300_ik_by_opensim.mot</output_motion_file>
        <accuracy>1e-5</accuracy>
        <report_errors>true</report_errors>
    </InverseKinematicsTool>
</OpenSimDocument>
