<OpenSimDocument Version="40000">
    <ScaleTool name="optimized_scale_and_markers">
        <mass>69.2600000000</mass>
        <height>1.7030000000</height>
        <age>-1</age>
        <notes>Unassigned</notes>
        <GenericModelMaker>
            <model_file>Models/unscaled_but_with_optimized_markers.osim</model_file>
            <marker_set_file>Unassigned</marker_set_file>
        </GenericModelMaker>
        <MarkerPlacer>
            <apply>false</apply>
        </MarkerPlacer>
        <ModelScaler>
            <apply>true</apply>
            <scaling_order> manualScale</scaling_order>
            <MeasurementSet>
                <objects/>
                <groups/>
            </MeasurementSet>
            <ScaleSet>
                <objects>
                    <Scale>
                        <scales> 0.9704226637 0.9842546482 0.9756502318</scales>
                        <segment>pelvis</segment>
                        <apply>true</apply>
                    </Scale>
                    <Scale>
                        <scales> 1.0550673847 1.0540535196 1.0606231005</scales>
                        <segment>femur_r</segment>
                        <apply>true</apply>
                    </Scale>
                    <Scale>
                        <scales> 0.9897514387 0.9832419060 0.9916208444</scales>
                        <segment>tibia_r</segment>
                        <apply>true</apply>
                    </Scale>
                    <Scale>
                        <scales> 1.0954121426 1.0996405251 1.0950861016</scales>
                        <segment>talus_r</segment>
                        <apply>true</apply>
                    </Scale>
                    <Scale>
                        <scales> 1.0554113204 1.0562360607 1.0673235663</scales>
                        <segment>calcn_r</segment>
                        <apply>true</apply>
                    </Scale>
                    <Scale>
                        <scales> 1.0206347865 1.0205013761 1.0206062887</scales>
                        <segment>toes_r</segment>
                        <apply>true</apply>
                    </Scale>
                    <Scale>
                        <scales> 1.0550673847 1.0540535196 1.0606231005</scales>
                        <segment>femur_l</segment>
                        <apply>true</apply>
                    </Scale>
                    <Scale>
                        <scales> 0.9897514387 0.9832419060 0.9916208444</scales>
                        <segment>tibia_l</segment>
                        <apply>true</apply>
                    </Scale>
                    <Scale>
                        <scales> 1.0954121426 1.0996405251 1.0950861016</scales>
                        <segment>talus_l</segment>
                        <apply>true</apply>
                    </Scale>
                    <Scale>
                        <scales> 1.0554113204 1.0562360607 1.0673235663</scales>
                        <segment>calcn_l</segment>
                        <apply>true</apply>
                    </Scale>
                    <Scale>
                        <scales> 1.0206347865 1.0205013761 1.0206062887</scales>
                        <segment>toes_l</segment>
                        <apply>true</apply>
                    </Scale>
                    <Scale>
                        <scales> 1.1529384203 1.0269120996 1.0768851661</scales>
                        <segment>torso</segment>
                        <apply>true</apply>
                    </Scale>
                    <Scale>
                        <scales> 0.9948233858 0.9914370221 0.9831679217</scales>
                        <segment>humerus_r</segment>
                        <apply>true</apply>
                    </Scale>
                    <Scale>
                        <scales> 0.9696162880 0.9691755904 0.9707723674</scales>
                        <segment>ulna_r</segment>
                        <apply>true</apply>
                    </Scale>
                    <Scale>
                        <scales> 0.9696162880 0.9691755904 0.9707723674</scales>
                        <segment>radius_r</segment>
                        <apply>true</apply>
                    </Scale>
                    <Scale>
                        <scales> 1.0216506562 1.0216506562 1.0216506562</scales>
                        <segment>hand_r</segment>
                        <apply>true</apply>
                    </Scale>
                    <Scale>
                        <scales> 0.9948233858 0.9914370221 0.9831679217</scales>
                        <segment>humerus_l</segment>
                        <apply>true</apply>
                    </Scale>
                    <Scale>
                        <scales> 0.9696162880 0.9691755904 0.9707723674</scales>
                        <segment>ulna_l</segment>
                        <apply>true</apply>
                    </Scale>
                    <Scale>
                        <scales> 0.9696162880 0.9691755904 0.9707723674</scales>
                        <segment>radius_l</segment>
                        <apply>true</apply>
                    </Scale>
                    <Scale>
                        <scales> 1.0216506562 1.0216506562 1.0216506562</scales>
                        <segment>hand_l</segment>
                        <apply>true</apply>
                    </Scale>
                </objects>
            </ScaleSet>
            <marker_file>Unassigned</marker_file>
            <time_range> -1 1</time_range>
            <preserve_mass_distribution>false</preserve_mass_distribution>
            <output_model_file>Models/optimized_scale_and_markers.osim</output_model_file>
            <output_scale_file>Unassigned</output_scale_file>
        </ModelScaler>
    </ScaleTool>
</OpenSimDocument>
