Timestep,C7,CLAV,LACR,LASI,LCAL,LFAradius,LFAsuperior,LFAulna,LLEL,LMEL,LMT5,LPSI,LTB1,LTB2,LTB3,LTH1,LTH2,LTH3,LTOE,LUA1,LUA2,LUA3,RACR,RASI,RCAL,RFAradius,RFAsuperior,RFAulna,RLEL,RMEL,RMT5,RPSI,RTB1,RTB2,RTB3,RTH1,RTH2,RTH3,RTOE,RUA1,RUA2,RUA3
All Timesteps RMSE,0.0296774,0.0222685,0.0119313,0.020047,0.0193689,0.00741831,0.00662371,0.00597173,0.00791701,0.00712711,0.0318128,0.0179222,0.0150211,0.0158304,0.0147169,0.0159382,0.0106553,0.0166227,0.0231713,0.0110265,0.00792394,0.00811678,0.0188025,0.0128252,0.0131784,0.00913972,0.00618849,0.00832564,0.0132427,0.0104036,0.0199567,0.0122109,0.0107047,0.0111029,0.0103017,0.0129285,0.0116288,0.0148949,0.0140525,0.0101575,0.00692839,0.00722218
0,0.0320406,0.0194244,0.0127063,0.0111585,0.0163687,0.0141242,0.00343138,0.0111562,0.00672268,0.00389377,0.047457,0.0143122,0.0130625,0.0130769,0.023227,0.0125176,0.0052316,0.00320041,0.0483759,0.00862722,0.0091717,0.00963388,0.0245628,0.024092,0.0162748,0.0108107,0.00627539,0.0117727,0.00647965,0.0129467,0.0285765,0.00656184,0.00863205,0.00911042,0.00682996,0.00455947,0.01037,0.00955021,0.00999075,0.00681723,0.00725998,0.00906424
1,0.0322434,0.0201033,0.0118227,0.0123093,0.0182583,0.0121615,0.00412866,0.0088919,0.00620143,0.00491733,0.0471626,0.0145103,0.0119667,0.0132253,0.0216106,0.0145273,0.00444379,0.00567634,0.0476222,0.00771962,0.00819493,0.00906165,0.0247354,0.0239429,0.0169743,0.0120142,0.00645199,0.0135902,0.00673124,0.0117964,0.0297685,0.00634811,0.00400071,0.00917875,0.00563666,0.00641972,0.0136016,0.011397,0.012046,0.00724479,0.00653169,0.00795988
2,0.0326788,0.0206797,0.0113561,0.0132862,0.0226166,0.0102566,0.00473472,0.00699877,0.0057389,0.00589874,0.0480236,0.0147279,0.0126268,0.0151895,0.0221449,0.0161745,0.00592963,0.00764375,0.0489903,0.00705319,0.00704991,0.00827516,0.0247396,0.0233518,0.0186079,0.0123339,0.0067428,0.0148049,0.00767381,0.0107913,0.0293602,0.00590904,0.00681,0.0126975,0.00704687,0.00805816,0.0167836,0.0146371,0.00940685,0.00747532,0.00602521,0.00719431
3,0.0334041,0.0210769,0.0113352,0.0142552,0.0264123,0.00881278,0.00505737,0.00576911,0.00529659,0.00687316,0.0487045,0.0149561,0.0135075,0.0170861,0.0232132,0.0172281,0.00712007,0.00838634,0.0508069,0.0067681,0.00561752,0.00719263,0.0247096,0.0223578,0.020698,0.0118134,0.0067339,0.0154401,0.00888336,0.00979611,0.0267919,0.00557639,0.0107194,0.0162842,0.0102596,0.00956857,0.0188783,0.0183325,0.00767948,0.00743566,0.0054451,0.00646463
4,0.0343391,0.0213536,0.0117803,0.0153711,0.0290334,0.00827495,0.0048279,0.00531574,0.00486837,0.00787824,0.0488035,0.0151774,0.014535,0.0183388,0.0243663,0.0179314,0.00717712,0.00851241,0.0521674,0.00714001,0.00386121,0.00568493,0.0248332,0.0211701,0.0239602,0.0106564,0.00613683,0.0154769,0.0101902,0.00877947,0.0218168,0.00573939,0.0112587,0.0171261,0.0132167,0.0109242,0.019547,0.0211631,0.0114548,0.0068428,0.00451277,0.00551799
5,0.0350778,0.0216823,0.0125554,0.016667,0.0304975,0.00862398,0.00409349,0.00545791,0.00460947,0.00879038,0.04854,0.0154669,0.0157134,0.0189041,0.0254112,0.0189912,0.00671405,0.00896617,0.0526606,0.00826929,0.0021504,0.00375073,0.0251993,0.0199531,0.0274351,0.00924156,0.00493394,0.0148891,0.0114346,0.00771821,0.0167659,0.00667052,0.00833023,0.0154418,0.0153774,0.0119052,0.0194246,0.0218972,0.0128378,0.00530832,0.00345711,0.00446227
6,0.0351053,0.022122,0.0132888,0.0179599,0.0310586,0.00952639,0.00402851,0.00611557,0.00485081,0.00945892,0.0482309,0.0159498,0.0167825,0.0191652,0.026079,0.0206638,0.00677715,0.00998994,0.0521518,0.00975083,0.00207156,0.00210776,0.0256532,0.0184185,0.0294926,0.00827773,0.00434537,0.0138087,0.0123891,0.00668811,0.0148317,0.00814796,0.00459698,0.0134151,0.0163925,0.013154,0.0192565,0.0206377,0.0117463,0.00321509,0.00424987,0.00448459
7,0.0343974,0.0225212,0.0135811,0.0188575,0.0311119,0.0111343,0.0053305,0.00753124,0.00553048,0.009853,0.0476227,0.0165442,0.0174901,0.0195327,0.0261714,0.02199,0.00706876,0.010911,0.0506101,0.0109842,0.00347273,0.00256322,0.0259337,0.0160484,0.0297372,0.00866405,0.00548818,0.0125311,0.0127636,0.00619307,0.0144541,0.00930997,0.00309187,0.0119517,0.0159544,0.0150348,0.0194575,0.0189523,0.0104986,0.00435233,0.00687463,0.00596906
8,0.0335252,0.0227823,0.0132999,0.0190691,0.0310499,0.0137732,0.00658518,0.00979485,0.00625614,0.0100209,0.0460441,0.017006,0.0178206,0.0200998,0.0257622,0.0217912,0.00694913,0.0113588,0.048108,0.011732,0.00499786,0.00400376,0.0259891,0.0130281,0.0289715,0.0105727,0.00673327,0.0113728,0.0123661,0.00710384,0.0132155,0.0094155,0.00355697,0.0115445,0.0148227,0.0166053,0.0200933,0.0184718,0.00922967,0.00830154,0.00917637,0.00741424
9,0.0330299,0.0229986,0.0126847,0.0186627,0.0310474,0.0167656,0.00699485,0.0120832,0.00680845,0.01003,0.0438358,0.0172277,0.0178983,0.0207158,0.0250959,0.0199638,0.0069956,0.011662,0.0448894,0.0121835,0.00661947,0.00521244,0.0259884,0.0104786,0.0280381,0.0131183,0.00721595,0.0105601,0.0113272,0.00918397,0.0114096,0.00869211,0.00514964,0.0129234,0.0141718,0.0173836,0.0207814,0.0194579,0.0084088,0.0118439,0.010242,0.0080215
10,0.0329119,0.0233239,0.0120716,0.0179944,0.0309653,0.018545,0.00678652,0.0130036,0.00709434,0.00989505,0.0425489,0.0173629,0.0177985,0.0212074,0.0243487,0.0176981,0.00827998,0.0121379,0.0414479,0.0125923,0.00809594,0.00600838,0.0260188,0.00941148,0.027151,0.0149651,0.00730903,0.0100292,0.0100592,0.0111918,0.00983946,0.00841702,0.00662367,0.0142848,0.0138127,0.0179733,0.0211863,0.0209717,0.00837264,0.0140651,0.0102236,0.00786778
11,0.0327708,0.0238348,0.0115177,0.017385,0.0305524,0.0179291,0.00641219,0.0118603,0.00707326,0.00961876,0.0427279,0.0176281,0.01754,0.0214443,0.02357,0.0167451,0.0108,0.0127355,0.0384372,0.0129543,0.00875033,0.00619892,0.0259505,0.0101629,0.0260025,0.0150456,0.00698551,0.00943548,0.00901406,0.0121875,0.00878859,0.00946287,0.00728166,0.0138732,0.0127247,0.0189628,0.0213783,0.0220903,0.00811562,0.0148341,0.009712,0.00726549
12,0.0323257,0.0244754,0.0108556,0.0169184,0.029715,0.0149946,0.00599773,0.00924423,0.00684545,0.00930605,0.0436281,0.0180449,0.0171689,0.0213336,0.0228183,0.0176178,0.0134504,0.0133164,0.0364484,0.0131406,0.00816871,0.00566444,0.0255713,0.0121862,0.0242524,0.0135694,0.00577554,0.00868328,0.00859077,0.0119386,0.00858734,0.0111895,0.00745909,0.011927,0.0106709,0.0201419,0.0215062,0.0225295,0.00733151,0.0141891,0.00908191,0.0063705
13,0.0317298,0.0250753,0.0100636,0.0164931,0.028568,0.0109931,0.00519711,0.00638584,0.00654831,0.00913466,0.0424146,0.0183784,0.0167298,0.0208778,0.0222297,0.0189892,0.0150321,0.0137152,0.0357238,0.0131374,0.00662159,0.00462533,0.0247623,0.0142248,0.0217984,0.0117454,0.00373489,0.00822252,0.00896787,0.0109227,0.00940564,0.0127494,0.00719887,0.00941749,0.00823122,0.0209733,0.0214722,0.0222868,0.00669212,0.0126912,0.00832303,0.00528173
14,0.0313024,0.0254485,0.0092991,0.0159227,0.0272914,0.00753272,0.00366134,0.00428828,0.00618836,0.00906534,0.041455,0.0183164,0.0161792,0.020109,0.021815,0.0195671,0.0149392,0.0135657,0.0360721,0.0129614,0.00478489,0.00348373,0.0235771,0.0155985,0.0186938,0.00987857,0.00188622,0.00840647,0.00975699,0.0098926,0.0105943,0.0137237,0.00637547,0.00672732,0.00628074,0.0212962,0.0209209,0.0211548,0.00655772,0.011695,0.0073951,0.00435573
15,0.03114,0.0255058,0.00861555,0.0151481,0.0260438,0.00559692,0.00170991,0.00326167,0.0057568,0.00878344,0.0511389,0.017837,0.0154479,0.0189633,0.0213435,0.0191298,0.013317,0.0124441,0.0371059,0.012528,0.00320895,0.00250789,0.0222057,0.016496,0.0150836,0.00781493,0.00248945,0.00888831,0.0103386,0.00932491,0.0113545,0.0140936,0.00549018,0.00386697,0.00539894,0.02116,0.0194247,0.0188492,0.00677037,0.0117631,0.00651458,0.00404927
16,0.0310924,0.0253119,0.00790239,0.0143317,0.0249625,0.00494069,0.000641538,0.00283438,0.00534234,0.0080794,0.058425,0.0172903,0.0145647,0.0173629,0.0206014,0.0182274,0.0107138,0.0102537,0.0385034,0.0117823,0.00216783,0.00201384,0.0208657,0.0173526,0.0114172,0.00644111,0.00384727,0.00918051,0.0104134,0.0093146,0.0115769,0.0141562,0.00532049,0.00208093,0.00527841,0.0203161,0.0167907,0.0155324,0.00787779,0.0119835,0.00600981,0.00435968
17,0.030983,0.025035,0.00711591,0.0136667,0.0241073,0.00479264,0.00148611,0.0026798,0.00506226,0.00709343,0.050636,0.0170178,0.013627,0.0154801,0.019559,0.0175439,0.00761715,0.00730174,0.0399554,0.0108394,0.00204023,0.00248999,0.0197065,0.0183566,0.00836026,0.00632529,0.00470325,0.0091744,0.010057,0.00974935,0.0115144,0.0142022,0.00576079,0.00387121,0.00544657,0.0183415,0.0132845,0.0120324,0.0100699,0.0118699,0.00602071,0.00502745
18,0.0308019,0.0248105,0.00639823,0.0132707,0.0233636,0.00479027,0.00222638,0.00272852,0.00505956,0.00623097,0.0417095,0.0170693,0.0126785,0.0138102,0.0182588,0.0173599,0.00441656,0.0040167,0.0409109,0.00992151,0.00290623,0.00365549,0.0188043,0.0194054,0.0061232,0.00703216,0.00531196,0.00901168,0.00951184,0.0104671,0.011153,0.0142953,0.00608787,0.00594432,0.00571462,0.0153214,0.00955308,0.00940994,0.0122372,0.0118106,0.00647415,0.00596471
19,0.0306701,0.0246168,0.006015,0.0131478,0.0224624,0.00485749,0.00303826,0.00286429,0.00550755,0.00583097,0.0424186,0.017247,0.0115839,0.0127143,0.0166977,0.0174378,0.00238776,0.00134329,0.0406314,0.00925682,0.00413408,0.00507921,0.0182055,0.0202984,0.00450313,0.00783893,0.0061236,0.00878715,0.00903572,0.0112909,0.0105346,0.0143494,0.00622822,0.00722116,0.00613063,0.0121424,0.00636797,0.00819536,0.0134028,0.0121558,0.00719364,0.00712409
20,0.0307122,0.0243496,0.00611222,0.0131159,0.0211717,0.00496929,0.00409785,0.00306553,0.00635411,0.00583312,0.0409321,0.0173068,0.0102599,0.0119905,0.0148451,0.0173676,0.00348936,0.00348364,0.0385471,0.00900505,0.00529785,0.00659781,0.0179771,0.0209252,0.00366806,0.00831137,0.00733235,0.00846966,0.00884379,0.012056,0.0100731,0.0143402,0.0066626,0.00806413,0.00711308,0.00989072,0.00460646,0.00823376,0.0135045,0.0128435,0.00797521,0.00840845
21,0.0309646,0.0239666,0.00662163,0.0129,0.0194776,0.00509193,0.00524558,0.00329397,0.00727655,0.00592396,0.036626,0.0171546,0.0090543,0.0112254,0.0127957,0.01689,0.00468866,0.00636762,0.0345617,0.00919949,0.0062209,0.00802776,0.0181138,0.021291,0.00417929,0.00855927,0.00878394,0.00806328,0.00904737,0.012638,0.0101139,0.0143549,0.00750472,0.00904516,0.00875649,0.00894197,0.0045703,0.00921413,0.0133587,0.0135922,0.00862054,0.00967708
22,0.0313853,0.0235594,0.0074153,0.0123368,0.0175868,0.0051622,0.00616737,0.00348883,0.00796505,0.00587878,0.0335235,0.0168703,0.00837456,0.0104046,0.0108665,0.0159035,0.00486195,0.00820911,0.0291173,0.0097207,0.00690425,0.00914558,0.0183758,0.0214287,0.00607014,0.00864931,0.0101852,0.00768576,0.00958071,0.0129822,0.0104657,0.0144638,0.00845813,0.010194,0.01046,0.00906927,0.00530418,0.0109467,0.0140553,0.0141315,0.00898691,0.0107825
23,0.0318906,0.0232643,0.00840488,0.011517,0.0158082,0.00512929,0.00664825,0.00362997,0.00829748,0.0056558,0.0314447,0.0165282,0.00827309,0.00999262,0.00948826,0.0143937,0.00491805,0.00846729,0.0230808,0.0103074,0.00743324,0.00982974,0.0183261,0.0213475,0.00864483,0.00840121,0.0113425,0.00748659,0.0102839,0.0131383,0.0107033,0.0146375,0.00912944,0.0108744,0.0116367,0.0100498,0.00647995,0.0130354,0.015849,0.0142805,0.00903053,0.0116261
24,0.0323537,0.0231293,0.00947323,0.0107121,0.0144133,0.00502972,0.00669415,0.00371415,0.00832791,0.00533629,0.0306495,0.0160754,0.00929351,0.0105928,0.00904346,0.0126318,0.00574053,0.00746031,0.0175136,0.0106518,0.00786223,0.0101309,0.0176883,0.0210396,0.0107082,0.0076952,0.0121763,0.0075135,0.0110305,0.0132131,0.0106321,0.0147872,0.00914898,0.0105048,0.0120456,0.0116301,0.00796069,0.0146309,0.0179363,0.0139157,0.00878723,0.0121769
25,0.0326196,0.02308,0.0104242,0.0101322,0.0135573,0.00496746,0.00647352,0.00373917,0.00818301,0.00502247,0.0315181,0.0154824,0.0121267,0.0124499,0.00970191,0.0114923,0.00681583,0.00671396,0.0132709,0.0105531,0.00819582,0.010216,0.0166814,0.0205103,0.0112759,0.00664979,0.0126117,0.00763546,0.0117332,0.0132707,0.0103449,0.0148361,0.00861991,0.00930312,0.0118098,0.0135062,0.00878114,0.0147486,0.0194663,0.0130038,0.00835066,0.0124685
26,0.0325682,0.0230115,0.0110553,0.00983907,0.0132403,0.00498758,0.00619358,0.00371977,0.00798058,0.00477255,0.0321113,0.0148934,0.0162003,0.0152303,0.0112507,0.0116816,0.00757756,0.00812471,0.0106143,0.0100217,0.00845904,0.0102801,0.0158379,0.0198176,0.0107225,0.00552417,0.0125754,0.00764472,0.0123295,0.0133013,0.00985123,0.0147774,0.00840917,0.00828263,0.0114075,0.0153695,0.00824156,0.0130776,0.0201824,0.0117427,0.00789165,0.0125856
27,0.0322294,0.0228744,0.0112662,0.00988194,0.0133459,0.00504877,0.0059619,0.00366503,0.00777523,0.00463699,0.0300771,0.0144654,0.0204465,0.0183156,0.0132973,0.0123342,0.00814263,0.0116343,0.00929452,0.00922405,0.00868522,0.0104393,0.0155095,0.0190146,0.0107184,0.00460416,0.0120232,0.00740809,0.0127745,0.0132207,0.00880348,0.0146326,0.00948751,0.00833114,0.011441,0.0168176,0.00694978,0.0106389,0.0202493,0.0105682,0.00761874,0.0125598
28,0.0317785,0.0227095,0.0111405,0.0103983,0.013665,0.00511623,0.00578498,0.00361308,0.00760039,0.00468224,0.0257685,0.0142275,0.024097,0.0210875,0.0154741,0.0121521,0.00886561,0.016195,0.0089473,0.00838698,0.00890128,0.0107193,0.0155917,0.0180935,0.0118859,0.00423601,0.0109827,0.00694099,0.0130762,0.0129866,0.0069009,0.014396,0.0117842,0.00930221,0.0121759,0.0174433,0.00642611,0.0095196,0.0197507,0.00996527,0.00766072,0.0123594
29,0.0314237,0.0225415,0.0108672,0.011475,0.0138689,0.00525537,0.00558627,0.0036533,0.00744024,0.00491691,0.0215818,0.0141221,0.0266989,0.0230826,0.0173862,0.0110135,0.00973749,0.0207689,0.00923487,0.00770139,0.00908252,0.0110193,0.0157851,0.0169762,0.0130122,0.00453778,0.00957973,0.00641381,0.0132954,0.01265,0.00543263,0.013986,0.0144249,0.0104964,0.0131982,0.0170401,0.00720645,0.0105594,0.0184725,0.0100344,0.00793576,0.0119505
30,0.0312848,0.0223668,0.0105708,0.0129303,0.0135335,0.00555831,0.00530887,0.00388014,0.00723697,0.00526229,0.0191474,0.0140684,0.0280629,0.0240834,0.0185545,0.00970774,0.0104402,0.0243038,0.00973329,0.00732826,0.00919928,0.0111801,0.01598,0.0156095,0.0131638,0.00524661,0.00804668,0.00605885,0.0134712,0.0122772,0.00829482,0.0133263,0.0165721,0.0112989,0.0136056,0.0157993,0.00862995,0.012416,0.0164391,0.0103604,0.00822893,0.0113534
31,0.0313445,0.0221946,0.0102195,0.0142492,0.0125939,0.00605059,0.00495225,0.00426793,0.00693405,0.00560721,0.0182192,0.0139749,0.0282068,0.0240503,0.0185268,0.00884044,0.0107887,0.0261363,0.0101062,0.00734387,0.00921047,0.0110449,0.0163221,0.0140824,0.0121918,0.00600571,0.00668874,0.00601671,0.013561,0.0118498,0.0144323,0.0124727,0.0177714,0.0112911,0.0127367,0.0142808,0.0103054,0.0141129,0.0146959,0.0104286,0.00830794,0.0106078
32,0.0314894,0.0220925,0.00972119,0.01487,0.0118872,0.00666025,0.00454716,0.00467254,0.00654152,0.00589572,0.0181361,0.013786,0.0273648,0.0231702,0.0173091,0.00855911,0.0108114,0.0262448,0.0105709,0.00764684,0.0090385,0.0105206,0.0169866,0.0126467,0.0103186,0.00651,0.00572766,0.00622001,0.013485,0.0112859,0.021262,0.0116373,0.0179584,0.0103975,0.0106677,0.0129648,0.0119857,0.0154933,0.0147634,0.0099509,0.00796919,0.00967549
33,0.0315759,0.022135,0.00906798,0.0145855,0.0126283,0.00725724,0.0041238,0.00496749,0.0061633,0.00613535,0.0195031,0.0135008,0.0260821,0.0220449,0.0157552,0.00890084,0.0105216,0.0250723,0.011934,0.00806768,0.00860235,0.00963372,0.0179499,0.0116585,0.00809724,0.00661832,0.00517878,0.00649842,0.0132421,0.0105931,0.0274791,0.0110587,0.0173996,0.00910109,0.00826541,0.0118045,0.0130989,0.0165353,0.0165448,0.00894207,0.00713008,0.00847188
34,0.0315256,0.0222723,0.00835979,0.0135849,0.0146887,0.00768737,0.00372041,0.00508324,0.00592958,0.00632631,0.0233217,0.0130913,0.0253137,0.021717,0.0152648,0.00943733,0.00990024,0.023385,0.0136484,0.00856615,0.00789328,0.00852583,0.018985,0.0114367,0.00629012,0.00639268,0.00489133,0.00675735,0.0129458,0.00993494,0.032315,0.0108223,0.0165724,0.00824693,0.00672436,0.0105998,0.0129259,0.0170812,0.0184508,0.00763957,0.00585725,0.00699397
35,0.0314217,0.0223139,0.00771775,0.0121851,0.0165087,0.00778426,0.00338099,0.00494635,0.0058796,0.00640911,0.029098,0.0124853,0.0261912,0.0231704,0.0167152,0.00918223,0.00932046,0.0223369,0.0133586,0.00921559,0.00701732,0.00736683,0.0198467,0.0120263,0.00515485,0.00604263,0.00469147,0.00699442,0.0127479,0.00951156,0.035369,0.0108408,0.0159071,0.0082212,0.00651507,0.0097283,0.0112755,0.0170223,0.0194159,0.00632317,0.00442719,0.00539393
36,0.0315109,0.0221577,0.00720448,0.0107182,0.0165717,0.00741674,0.00306203,0.00449856,0.00594569,0.00626454,0.0345416,0.0117713,0.0289495,0.026331,0.0195093,0.00736082,0.0096965,0.0230214,0.011025,0.0100185,0.00614381,0.00624317,0.0204603,0.0129859,0.00437649,0.0058086,0.004489,0.00719421,0.0127317,0.00941785,0.036517,0.010968,0.0155421,0.00870284,0.00693753,0.00964621,0.00886284,0.0165168,0.0192828,0.00519599,0.00345398,0.00396838
37,0.0320887,0.0220057,0.00681785,0.00956829,0.014747,0.00665164,0.00264034,0.00386029,0.00610252,0.00575536,0.0362049,0.0113363,0.0318322,0.0294955,0.0216595,0.00462349,0.0114144,0.0253733,0.0114408,0.0108096,0.00539143,0.00510679,0.0210144,0.0135763,0.00409279,0.00586432,0.0042203,0.00727416,0.0128398,0.00957593,0.0358872,0.0110745,0.0152933,0.00938861,0.00729672,0.00954796,0.00680358,0.0158324,0.0181701,0.00432486,0.00342506,0.00306404
38,0.0332667,0.0222251,0.00661801,0.00892583,0.0133033,0.00594507,0.00226025,0.00341917,0.00649517,0.00485418,0.0320977,0.011447,0.03204,0.0301939,0.0213293,0.00355494,0.0135718,0.0279393,0.0141161,0.0114127,0.0048908,0.00385833,0.0218412,0.0133085,0.00461838,0.00637697,0.0036524,0.00709554,0.0129128,0.00976149,0.0338933,0.0110891,0.0148584,0.010126,0.00747395,0.00837882,0.00560353,0.015058,0.0160356,0.00383693,0.00391112,0.00295923
39,0.0346854,0.0229392,0.00691968,0.00859477,0.0148986,0.0060374,0.00297566,0.00360398,0.00732633,0.003902,0.0242208,0.0118452,0.0283014,0.0272636,0.0186453,0.00382172,0.0150034,0.0290936,0.0140035,0.0120379,0.00519788,0.00283317,0.0230495,0.0122436,0.00551403,0.00737036,0.00252591,0.00652566,0.0128778,0.00978581,0.0311647,0.0110689,0.0140905,0.0108031,0.00768871,0.00703675,0.0052947,0.0142039,0.0129234,0.00432823,0.00455564,0.00372113
40,0.0355946,0.0238949,0.00792516,0.00843116,0.0181441,0.00728594,0.00542873,0.00475873,0.00855605,0.00379761,0.017209,0.0122244,0.0223972,0.0222978,0.0155251,0.0053133,0.0152684,0.0284906,0.0110935,0.0135064,0.00714162,0.00393313,0.0242886,0.0109393,0.00623773,0.00857758,0.00191394,0.00560332,0.0129735,0.0097986,0.0282598,0.0113127,0.0130742,0.0117176,0.00798615,0.00805632,0.00622223,0.0134422,0.00944621,0.00593448,0.00555242,0.00518618
41,0.0354955,0.0247453,0.00935055,0.00838385,0.0208228,0.00942035,0.00864516,0.00703477,0.00985378,0.00500727,0.0139355,0.0124977,0.017873,0.0186729,0.0137593,0.0093268,0.0148746,0.0273558,0.00828601,0.0158504,0.0102435,0.00682031,0.0250999,0.0101724,0.00666792,0.00987208,0.00338,0.00457375,0.0135228,0.0101488,0.0253358,0.0120809,0.0119089,0.0132483,0.00803509,0.010678,0.00801466,0.0129263,0.00689586,0.00770495,0.00690217,0.00682569
42,0.0346176,0.0253508,0.010827,0.00817854,0.02268,0.0120463,0.0113906,0.00998589,0.0109118,0.00714471,0.0137441,0.0127041,0.0168034,0.0186278,0.0140614,0.0127218,0.0148631,0.0271613,0.00736089,0.0174516,0.013168,0.00974998,0.0254348,0.0104601,0.00692053,0.0113241,0.0048422,0.00387635,0.0144513,0.0107903,0.0220849,0.0131924,0.010488,0.0150222,0.00747893,0.0125997,0.00978039,0.0127468,0.00615827,0.00900165,0.00822675,0.0079347
43,0.033634,0.0258179,0.0121024,0.00767759,0.0243187,0.0147675,0.0128506,0.0126888,0.0117028,0.00977839,0.0150448,0.0131472,0.0181794,0.0212464,0.0160324,0.0136825,0.0157874,0.0281358,0.00809423,0.016912,0.0148219,0.0119243,0.025628,0.0114764,0.00720863,0.0127028,0.00543482,0.00384163,0.015359,0.0113384,0.0183628,0.0141887,0.00865795,0.0162528,0.00646142,0.012892,0.0110309,0.0130653,0.00616768,0.0098443,0.00913008,0.00811828
44,0.0330242,0.0262431,0.012904,0.00722493,0.0260549,0.0169345,0.0130086,0.0141319,0.0121958,0.0119993,0.0164404,0.0141816,0.0195049,0.0236817,0.0179531,0.0129134,0.0170275,0.0291699,0.00935529,0.0146294,0.0148116,0.0130401,0.0258677,0.0123078,0.00771693,0.0132845,0.00535345,0.00416054,0.0159954,0.0115523,0.0148905,0.0147965,0.0066285,0.0166601,0.00578709,0.0117167,0.0117168,0.0138457,0.00574944,0.0103691,0.00934287,0.00751043
45,0.0327498,0.0265941,0.0130151,0.00738773,0.0276874,0.0176812,0.0122397,0.0137323,0.0120567,0.0127073,0.0172542,0.0157041,0.0192469,0.0240569,0.0183949,0.0121645,0.0177188,0.0292012,0.00986173,0.0122325,0.0135325,0.0129987,0.025904,0.0123935,0.00847537,0.0124369,0.00502739,0.0046238,0.0163766,0.0114058,0.0128673,0.0151083,0.00494262,0.0165476,0.00603089,0.0102006,0.0119367,0.0147295,0.00488994,0.0105516,0.0087493,0.00654762
46,0.0324915,0.0267717,0.0124673,0.00828749,0.0286559,0.0165001,0.0107545,0.011695,0.0110661,0.011547,0.01753,0.0171993,0.0176516,0.0225583,0.0172868,0.0123439,0.0175659,0.0281801,0.00904482,0.0107907,0.011802,0.0118687,0.0253204,0.0118947,0.00935873,0.0103259,0.00462146,0.00564777,0.0166066,0.0109691,0.0125809,0.0153121,0.00378342,0.0159502,0.00656549,0.00968067,0.011649,0.0153749,0.00410246,0.0104278,0.00745691,0.00558632
47,0.0321734,0.0267668,0.0115025,0.00950863,0.0282469,0.0137753,0.00879291,0.00894196,0.00958906,0.00920366,0.0173059,0.0181896,0.0158234,0.020294,0.0153689,0.0130947,0.0167485,0.0266761,0.00708436,0.0107171,0.0103557,0.0100625,0.0240321,0.0112643,0.010248,0.00790772,0.00406019,0.00728925,0.0166925,0.0103728,0.0132976,0.0154057,0.00287713,0.0145228,0.00707134,0.00994317,0.0106351,0.015601,0.00387512,0.0101495,0.00581482,0.00477769
48,0.0319382,0.0266381,0.0104598,0.0108232,0.0260509,0.0105478,0.00684591,0.00660953,0.00831739,0.00678039,0.0165492,0.0185734,0.0143879,0.0178468,0.013238,0.0137164,0.0155483,0.0249572,0.00450606,0.0120027,0.0095057,0.00828379,0.0223371,0.0107467,0.0110781,0.00605584,0.00337867,0.00895796,0.0165802,0.00971424,0.0143762,0.0152926,0.00246558,0.0122299,0.00820936,0.00974756,0.00887254,0.015352,0.00427356,0.00982102,0.00421238,0.00413786
49,0.0318324,0.0264405,0.00962363,0.0123839,0.0224013,0.00782339,0.00540304,0.00542591,0.00758203,0.00498444,0.0155681,0.0186075,0.0132549,0.0152108,0.0110773,0.0137139,0.0141091,0.0228343,0.00275124,0.013472,0.00916171,0.00716108,0.020635,0.0103755,0.0117903,0.00496433,0.00283777,0.0101582,0.0162658,0.00904182,0.0153586,0.0149457,0.00328995,0.00958661,0.00973203,0.00890801,0.00683334,0.0146729,0.00498362,0.00956234,0.00291,0.00363399
50,0.0317046,0.0261655,0.00916161,0.0144082,0.0182856,0.00616128,0.00474764,0.00522237,0.0072002,0.00409334,0.0150264,0.0186415,0.0122086,0.0124485,0.00888925,0.0129405,0.0124732,0.020195,0.00397957,0.0140769,0.00908343,0.00696275,0.0191473,0.010246,0.0122992,0.00444148,0.00264994,0.0107631,0.0158663,0.00843102,0.0157563,0.0144719,0.00452047,0.00744053,0.0103472,0.0081651,0.00527502,0.0136931,0.00550786,0.00950339,0.00202919,0.00326631
51,0.0313847,0.0257914,0.00908472,0.016916,0.0148181,0.00568267,0.00478729,0.00541564,0.00693099,0.00423496,0.0153345,0.0188744,0.0113786,0.0100085,0.00681385,0.0117513,0.010753,0.0173709,0.00609609,0.0138154,0.00914195,0.00757863,0.0178996,0.0104662,0.0125088,0.00426462,0.00278508,0.0108892,0.0155494,0.00787398,0.0152639,0.0140776,0.00538848,0.00664185,0.00969478,0.00800992,0.00468241,0.0126459,0.00550753,0.00959957,0.00166361,0.00305127
52,0.0308675,0.0253111,0.00927522,0.0197208,0.0127534,0.00604983,0.00510391,0.00573279,0.00665212,0.00507006,0.0163194,0.0192993,0.0111145,0.00843906,0.00540778,0.0108797,0.00912514,0.0148707,0.00785423,0.0132006,0.0093147,0.00852321,0.0168489,0.0109911,0.0123737,0.00423858,0.00315122,0.0107504,0.0154269,0.0072263,0.0139866,0.013938,0.00594959,0.00713358,0.00864244,0.00865397,0.00497046,0.0119586,0.00521514,0.00963924,0.00184747,0.00296653
53,0.0303212,0.0247638,0.00952272,0.0225652,0.012091,0.00674041,0.00543466,0.00613686,0.00629591,0.00613221,0.0176081,0.0198113,0.0115804,0.00793728,0.00540601,0.0107431,0.00779132,0.0130257,0.00908144,0.0126362,0.0095712,0.00925485,0.0159921,0.011648,0.012034,0.0042997,0.00367833,0.0105601,0.0154972,0.00645972,0.0123462,0.0140481,0.0064849,0.00819046,0.00779185,0.0100572,0.00584632,0.0120164,0.00555011,0.00949209,0.00238089,0.00298403
54,0.0299515,0.0242152,0.00965987,0.0252166,0.0122464,0.00738214,0.00577769,0.00655233,0.00588042,0.00722948,0.0190875,0.0203044,0.0124283,0.0081137,0.00642457,0.011006,0.00691824,0.0118994,0.00973395,0.0122704,0.00983443,0.00952446,0.0153744,0.0122526,0.0118111,0.00448614,0.00428402,0.0104828,0.0156918,0.0057798,0.0107704,0.0141845,0.00707237,0.0095455,0.0069861,0.011764,0.00714248,0.0128078,0.00713239,0.00926053,0.00302652,0.00317189
55,0.0298748,0.0237369,0.00963717,0.0274854,0.0123723,0.00778675,0.0062222,0.006828,0.00555969,0.00828776,0.0207356,0.0207001,0.0131483,0.00844087,0.007583,0.0112377,0.00660341,0.0114403,0.0100625,0.0121225,0.0100429,0.00943298,0.0150377,0.0126874,0.0120357,0.00478287,0.00486378,0.0105864,0.0159257,0.00541897,0.00950007,0.0141159,0.00766376,0.0111568,0.00649748,0.0134466,0.00865334,0.0139993,0.00925638,0.00915376,0.00366922,0.00360281
56,0.0300905,0.0233678,0.00948625,0.0292289,0.0114744,0.00790624,0.00682676,0.00691213,0.00550249,0.00920285,0.0224024,0.0209612,0.0134824,0.00863115,0.00876635,0.0113918,0.00686504,0.0116288,0.0109574,0.0121493,0.0101889,0.00925866,0.0149646,0.0128965,0.0128023,0.00505596,0.00531533,0.010839,0.0161095,0.00536058,0.00853828,0.0138569,0.0083093,0.0126481,0.00684225,0.0150148,0.00995034,0.0153269,0.0107563,0.00929726,0.00430442,0.00419811
57,0.0305123,0.0230571,0.00926934,0.0303912,0.00900905,0.00777545,0.00758125,0.00694706,0.00568481,0.00986446,0.0238879,0.0211136,0.0134369,0.00856714,0.0103658,0.0116675,0.00763992,0.0125098,0.0133703,0.0122197,0.010279,0.00919964,0.0150752,0.0128368,0.0139299,0.00518407,0.00556576,0.0111541,0.0161568,0.00539758,0.00767555,0.0135876,0.00910296,0.0133751,0.00787013,0.016224,0.0105936,0.0166304,0.0108905,0.00968292,0.00496962,0.00479621
58,0.0310098,0.0226978,0.00903779,0.0310506,0.0057918,0.00746058,0.00843265,0.00709391,0.00593079,0.0102804,0.0250122,0.0212605,0.013118,0.00838191,0.0124665,0.0123756,0.00893223,0.0139371,0.0168454,0.0122102,0.0103285,0.00929949,0.0152581,0.0125331,0.0151622,0.00516246,0.00559823,0.0114742,0.0160177,0.00540999,0.00658323,0.0134001,0.00987259,0.0129143,0.00908372,0.0165191,0.0105385,0.0174407,0.00968806,0.0102148,0.00567832,0.00531731
59,0.0314398,0.0222387,0.00885084,0.0313413,0.00404612,0.00702579,0.00928351,0.00733866,0.00608999,0.0105654,0.0257162,0.021488,0.0126495,0.00853618,0.0144477,0.0137545,0.0105905,0.0151644,0.0198793,0.0120993,0.0103767,0.00954753,0.0154088,0.0121609,0.0162829,0.00507374,0.00546569,0.0117788,0.0157251,0.00542392,0.00543106,0.0131837,0.0100579,0.0113539,0.0100124,0.0154367,0.0099305,0.0169228,0.00782434,0.0107865,0.00641148,0.00581545
60,0.0316693,0.0217941,0.0087601,0.0313087,0.00449149,0.00655774,0.0100081,0.00755778,0.00613677,0.0108139,0.0259311,0.0217533,0.0122483,0.00938653,0.0154997,0.015565,0.0119214,0.0152008,0.0213068,0.0119925,0.0105044,0.0099381,0.0154453,0.0119879,0.017015,0.00500586,0.00527688,0.0120473,0.015382,0.00550622,0.00609352,0.012759,0.00919883,0.0092504,0.0102922,0.0132849,0.00866538,0.0146367,0.00602273,0.0113054,0.00714211,0.00641125
61,0.0316236,0.0215554,0.00879696,0.030817,0.00641584,0.00624206,0.0104772,0.00764822,0.00615086,0.0110073,0.0255533,0.0218362,0.0120558,0.0105413,0.0152767,0.0170089,0.0121086,0.0137368,0.0207853,0.0119932,0.0107526,0.010385,0.0153306,0.012172,0.0168192,0.0050181,0.00514192,0.0122245,0.0150936,0.00566702,0.0095777,0.0120436,0.00764857,0.00749922,0.00967017,0.0113499,0.00684517,0.011131,0.00428094,0.0116858,0.00783657,0.00716703
62,0.0312867,0.0215915,0.00893263,0.0297713,0.00937335,0.0062859,0.0106616,0.00758117,0.00624975,0.0111048,0.0246356,0.0215507,0.0118959,0.0111591,0.0140033,0.0173656,0.0110433,0.011663,0.0187644,0.0121373,0.0111161,0.0108058,0.015077,0.0126858,0.0151262,0.00516632,0.00514186,0.0122926,0.0149111,0.00590062,0.013888,0.0111639,0.00676044,0.00722337,0.00814508,0.0107187,0.00541935,0.00818121,0.00240795,0.0118654,0.00847748,0.00804892
63,0.0307115,0.021732,0.00908605,0.0283886,0.0113842,0.00675546,0.0106414,0.00738837,0.00651078,0.0111427,0.0236062,0.0209665,0.0113508,0.0106354,0.0120877,0.016522,0.00941099,0.0101632,0.016304,0.0123965,0.011577,0.0112124,0.0147814,0.0134068,0.0120305,0.00554674,0.00530569,0.0123083,0.0148118,0.00621248,0.0175418,0.0103849,0.00745838,0.00860223,0.0062802,0.0109303,0.00548656,0.00880591,0.00349477,0.0118327,0.00903383,0.00891598
64,0.0300012,0.0217214,0.00916136,0.0271865,0.011055,0.0075152,0.0105602,0.00713707,0.0069595,0.0112034,0.0233387,0.0204155,0.0100075,0.0088883,0.00983492,0.0149409,0.00798943,0.00908215,0.0145351,0.0127361,0.0121367,0.0116901,0.0145973,0.014271,0.00875545,0.00622729,0.00560777,0.01237,0.0147169,0.0066084,0.0200423,0.0100048,0.00889209,0.0105931,0.00533139,0.0109892,0.00675816,0.0124775,0.00639895,0.0116334,0.0094621,0.00958753
65,0.0292985,0.0214802,0.00910007,0.0265743,0.00896404,0.00830623,0.0105434,0.00690057,0.00757339,0.011285,0.0242633,0.0202121,0.0076727,0.00656683,0.00785007,0.0131971,0.00702646,0.0075792,0.0135094,0.0131108,0.0127674,0.0122838,0.0146611,0.0152497,0.00698781,0.00716748,0.00598608,0.0125379,0.0145384,0.00706554,0.021469,0.0101986,0.0100755,0.0123148,0.00582327,0.0102813,0.00819067,0.0159623,0.00861964,0.0113426,0.00971363,0.00990788
66,0.0287331,0.02119,0.00892127,0.0264753,0.00819355,0.00887079,0.0106586,0.00674764,0.00829974,0.0112685,0.0252956,0.0203447,0.00493278,0.00594085,0.00769755,0.0116737,0.00651894,0.00597032,0.0119643,0.0134533,0.0133823,0.0129628,0.0149871,0.0162044,0.00714623,0.008211,0.00639086,0.0127946,0.0142555,0.00753578,0.0222741,0.0108463,0.0106046,0.0133162,0.00668334,0.00882681,0.00917799,0.0177222,0.0103591,0.011044,0.0097651,0.00980173
67,0.0283672,0.0210752,0.00869565,0.0264537,0.0112936,0.00904016,0.0108819,0.00670644,0.0090108,0.0110415,0.0250171,0.0204902,0.00522938,0.00886569,0.0100283,0.0107499,0.00670141,0.00608617,0.00891476,0.0136686,0.0138389,0.0136117,0.0154576,0.0168804,0.00846055,0.0091589,0.00680393,0.0130726,0.0139532,0.00795753,0.0229848,0.011518,0.0104832,0.013513,0.00717997,0.00746082,0.00967725,0.017698,0.0124242,0.0108173,0.0096253,0.00931083
68,0.0281861,0.0211893,0.00848544,0.0262501,0.0159393,0.00875109,0.0111434,0.00672254,0.00956626,0.0106734,0.0234181,0.0204339,0.00954997,0.0131177,0.013117,0.0110354,0.00789739,0.00877692,0.00610693,0.0137011,0.0140313,0.0141011,0.0159165,0.0170731,0.0102363,0.00986542,0.00719017,0.0133075,0.0137376,0.00827445,0.023555,0.0117293,0.0101215,0.0132604,0.00684817,0.00698223,0.00983693,0.0168321,0.0142149,0.0106546,0.00928774,0.00857132
69,0.0281444,0.0214025,0.00836205,0.0259676,0.0200967,0.00802782,0.011372,0.00668691,0.00986709,0.0103941,0.02236,0.0202706,0.0144044,0.0169634,0.0154942,0.0128363,0.0100846,0.0126843,0.0102636,0.0135267,0.0139167,0.0143276,0.0162683,0.0167313,0.0118049,0.0102205,0.00748976,0.0134657,0.0136753,0.00841869,0.0232199,0.0112354,0.0103175,0.0133817,0.00530121,0.00709676,0.010042,0.0166463,0.0132085,0.0105004,0.0087684,0.00780563
70,0.0282855,0.0216001,0.00841493,0.0257881,0.0232641,0.00702078,0.0115167,0.0065814,0.00984145,0.0103834,0.0241304,0.0201651,0.0183439,0.0198894,0.0167524,0.0156714,0.0129002,0.0166703,0.018933,0.0131189,0.0134583,0.0142123,0.0165321,0.0159375,0.0131018,0.010156,0.00766404,0.0135598,0.0137694,0.00834952,0.0215463,0.0101989,0.0116082,0.0147465,0.00356259,0.00681109,0.0112403,0.0181229,0.00792305,0.0102979,0.00815783,0.00722252
71,0.0287672,0.021837,0.00875353,0.0257356,0.0257359,0.00606246,0.011474,0.00652607,0.00939332,0.0105564,0.0287438,0.0201188,0.0208892,0.0220585,0.0173095,0.0187763,0.0157703,0.0200369,0.0282465,0.0124545,0.0125577,0.0136571,0.0167758,0.0149283,0.0149684,0.00968483,0.00770107,0.0136242,0.0139856,0.00808567,0.018557,0.00911693,0.0130176,0.0166636,0.00489184,0.00576255,0.0134995,0.0204105,0.00324078,0.00999624,0.00756437,0.0068414
72,0.0296736,0.0222844,0.00940791,0.0257947,0.0279145,0.00560637,0.010974,0.00656788,0.00837785,0.0105949,0.0342762,0.0200669,0.0221394,0.0237086,0.0178852,0.0216214,0.0180814,0.0225098,0.0364587,0.0116116,0.0110918,0.0125148,0.0170413,0.0139927,0.0175532,0.00889545,0.00756148,0.0136477,0.0143025,0.00766727,0.0138433,0.00850479,0.0125491,0.016662,0.00767853,0.00488322,0.015465,0.0216321,0.00773903,0.00954166,0.00689012,0.00639212
73,0.0307046,0.0230617,0.0102491,0.0260536,0.0298269,0.00574625,0.0096549,0.00642699,0.00670833,0.0102312,0.0390157,0.0200412,0.022475,0.0247115,0.0188614,0.0240551,0.0194503,0.0241251,0.04251,0.0109415,0.00909772,0.0106977,0.0173212,0.0131196,0.0194881,0.00787786,0.00709333,0.0134887,0.0147209,0.00706955,0.00863174,0.00864087,0.00953981,0.0132675,0.00963631,0.00518919,0.0162119,0.0206169,0.00930576,0.00887158,0.00568892,0.00535481
74,0.0311449,0.0241352,0.0109845,0.0265351,0.0312258,0.00594528,0.00744585,0.00566819,0.00462237,0.0095253,0.0419708,0.0201109,0.0223057,0.0247796,0.0200277,0.0259824,0.0197796,0.0248251,0.0458402,0.0109299,0.00697107,0.0084613,0.0175299,0.0120621,0.019573,0.00674646,0.00641094,0.0129697,0.0152385,0.00630429,0.00793827,0.00953899,0.00629379,0.00825963,0.0104186,0.00647254,0.0159025,0.0178401,0.00772078,0.00820398,0.00370398,0.00350767
75,0.0304901,0.0253146,0.0112525,0.0269176,0.0319463,0.00567803,0.00496128,0.00427243,0.00297419,0.00878466,0.0428089,0.0201571,0.0218714,0.0238476,0.0209402,0.0269238,0.0190396,0.0242619,0.0463284,0.0115561,0.00540859,0.00655229,0.017545,0.0108937,0.0180229,0.00595017,0.00649104,0.0120428,0.0157316,0.00560977,0.00992929,0.0107917,0.00586025,0.00581659,0.010348,0.00800867,0.0152325,0.0151034,0.00575293,0.00803606,0.00215348,0.00212121
76,0.0291194,0.0263268,0.0109254,0.0266206,0.0321402,0.00533018,0.00346536,0.00321905,0.00302344,0.00825276,0.0418074,0.0198528,0.02122,0.022288,0.0214338,0.0262776,0.0173057,0.0222615,0.0442006,0.0122932,0.00502419,0.00580061,0.0174023,0.0100381,0.0160919,0.00635356,0.00762606,0.0107377,0.0159042,0.00544401,0.0100811,0.0116093,0.00644642,0.00676335,0.010051,0.00886718,0.0149148,0.0140352,0.00456222,0.008369,0.00356801,0.00361664
77,0.0279418,0.0270368,0.0102047,0.0253501,0.0321057,0.00665875,0.00378435,0.0035735,0.00422009,0.00803467,0.0397289,0.0190919,0.020247,0.0207974,0.021681,0.0240238,0.0148929,0.01923,0.039999,0.0128607,0.00599263,0.00638605,0.0173376,0.00953448,0.0150673,0.00835085,0.00837481,0.00916273,0.0154723,0.00633702,0.00919075,0.0114964,0.00715291,0.0092614,0.0104919,0.00879046,0.0152308,0.0148406,0.00472143,0.00885893,0.00528629,0.00550684
78,0.0274484,0.0274987,0.00946685,0.0234056,0.0320515,0.0095086,0.00481429,0.00424989,0.00533782,0.00797216,0.0375762,0.0181793,0.0188829,0.0200731,0.0219392,0.0210843,0.0122035,0.0160243,0.0345502,0.0133538,0.00784121,0.00770359,0.0175084,0.00900702,0.0152877,0.0111388,0.00798353,0.00760348,0.0144354,0.00822251,0.00893823,0.0109002,0.00822194,0.0120395,0.0116384,0.00851776,0.0158284,0.0164876,0.00601425,0.0093603,0.00603727,0.00655939
79,0.0273585,0.0278742,0.00897562,0.0214449,0.0320023,0.0115297,0.00551782,0.00450299,0.00591073,0.00769834,0.0362751,0.0175019,0.017342,0.0203989,0.0223019,0.0189672,0.00956824,0.0134722,0.0289064,0.0139027,0.00964468,0.0090023,0.0177977,0.00851193,0.016136,0.0133512,0.00711569,0.00631699,0.0130843,0.0102586,0.00942861,0.01092,0.00878996,0.0133337,0.0122782,0.00890784,0.0163358,0.0178079,0.00703339,0.00946322,0.00597732,0.00666488
80,0.0270915,0.0282834,0.008796,0.0200111,0.0319038,0.0111955,0.00556466,0.00407337,0.00595212,0.0070797,0.0363145,0.017199,0.016049,0.0213846,0.0226491,0.0185882,0.00766548,0.0120115,0.0241708,0.0144655,0.0104711,0.00967638,0.0179274,0.00843799,0.0167789,0.0137844,0.00632302,0.00509409,0.0117904,0.0115049,0.00998999,0.0118328,0.00868094,0.0128362,0.0118389,0.0100739,0.0166838,0.018376,0.00714486,0.00881243,0.00556275,0.00592065
81,0.0264564,0.0287114,0.00887,0.0192137,0.0317369,0.00859394,0.00511203,0.00351172,0.00584222,0.00634091,0.0375483,0.0171724,0.015214,0.0223034,0.0228337,0.0193377,0.00733322,0.0115555,0.0211837,0.0149115,0.00991734,0.00947222,0.0176576,0.00884112,0.0166306,0.0121184,0.00513463,0.00374533,0.0109535,0.0115808,0.0101811,0.01283,0.00847247,0.0114072,0.0107465,0.0114931,0.0168371,0.0183621,0.00634656,0.00800663,0.00498452,0.0044357
82,0.025791,0.0290501,0.00908688,0.018738,0.0314948,0.00506282,0.00422253,0.00419901,0.00590112,0.0057874,0.0392901,0.0171923,0.0147603,0.0227045,0.0228509,0.0200922,0.00798485,0.0116361,0.0199519,0.0151564,0.00829876,0.00858434,0.0168993,0.00952157,0.0154153,0.00920415,0.00327162,0.0033632,0.0109083,0.0108985,0.00991554,0.0133448,0.00846354,0.00977115,0.00965897,0.0126184,0.0166407,0.0178963,0.00490082,0.00842378,0.00402,0.00242544
83,0.025455,0.0292015,0.00935138,0.0181663,0.0310909,0.00231528,0.00298494,0.00511431,0.00608215,0.00551743,0.0406838,0.0170197,0.0145595,0.0225209,0.0226584,0.02037,0.00845542,0.0116823,0.0195681,0.0151728,0.00632241,0.00744422,0.0157413,0.0102914,0.0131666,0.00653051,0.00183725,0.00467322,0.0114886,0.0102282,0.00940707,0.013436,0.00846219,0.00804859,0.00895627,0.0131335,0.0158838,0.0169103,0.00352191,0.0100835,0.00279092,0.00088029
84,0.0254416,0.0291402,0.00961914,0.0172851,0.030404,0.00189799,0.00246805,0.00556116,0.00624317,0.00536981,0.0411451,0.016556,0.0144977,0.0218136,0.0221026,0.0203644,0.00843068,0.0112891,0.0191843,0.0149492,0.00463432,0.00641725,0.0144147,0.0109144,0.0102204,0.00516158,0.00279662,0.00607792,0.0121237,0.00998926,0.00889676,0.0133457,0.00832959,0.00622809,0.00868192,0.0128174,0.0144569,0.0154405,0.00373011,0.0114677,0.00259396,0.00219321
85,0.0255164,0.0288826,0.00987974,0.0161147,0.0294333,0.00250915,0.00314334,0.00595431,0.00639233,0.00512429,0.0406039,0.0158795,0.0143919,0.0205922,0.0211377,0.0205602,0.00809438,0.0104328,0.0187403,0.0144838,0.00362475,0.00569872,0.0132046,0.0111634,0.00718283,0.00490568,0.00397759,0.00672699,0.0124372,0.0101197,0.00841663,0.0131741,0.00830762,0.00479827,0.00858252,0.0115269,0.0124918,0.0137898,0.00556464,0.0118387,0.00380044,0.00355619
86,0.0255505,0.0284182,0.0101519,0.0147505,0.0283404,0.00291105,0.0037838,0.00615017,0.00662328,0.00470587,0.0393727,0.015148,0.0139418,0.0188277,0.0198349,0.0212987,0.00774694,0.00955774,0.0187213,0.0138095,0.00339669,0.005371,0.0123575,0.0111772,0.00483235,0.00513769,0.00452356,0.00664085,0.0124173,0.010465,0.00781947,0.012905,0.00868628,0.00465625,0.00826772,0.00951956,0.0103541,0.0123513,0.00782617,0.0117173,0.00518494,0.00455004
87,0.0256237,0.0276949,0.0104911,0.0132775,0.0273163,0.0031766,0.00415354,0.00582083,0.00699841,0.00424143,0.0377463,0.0145023,0.0128955,0.0166356,0.0182486,0.0224635,0.00783797,0.00940835,0.0194616,0.0130093,0.00373575,0.00544332,0.0120332,0.0113596,0.0036624,0.00565733,0.0048518,0.00616158,0.0122344,0.0109489,0.00688989,0.0125284,0.00949134,0.00564093,0.00764677,0.00773478,0.00853328,0.0113702,0.00984896,0.0119317,0.00640492,0.00549404
88,0.0258574,0.0267046,0.0109564,0.0118446,0.0264486,0.00342982,0.00455461,0.00509212,0.00751628,0.0039319,0.0357361,0.0140306,0.0114099,0.0144977,0.0163948,0.0235748,0.00875521,0.0104593,0.0206539,0.0122159,0.00434937,0.00589483,0.012237,0.0118264,0.00349355,0.0063631,0.00551227,0.0056259,0.01208,0.011517,0.00583009,0.0120737,0.0106305,0.00695955,0.00702921,0.00725698,0.00751387,0.0109542,0.0111267,0.01272,0.00749403,0.00667029
89,0.0262735,0.0255712,0.0115469,0.0107293,0.0257113,0.00370512,0.00512344,0.00433983,0.00810737,0.00382966,0.033185,0.013721,0.0100811,0.0130778,0.0143484,0.0241934,0.0100997,0.0124344,0.0213626,0.0115738,0.00507445,0.00667523,0.0127068,0.0129483,0.00433354,0.00708188,0.00669856,0.00521078,0.0121034,0.0120924,0.00538497,0.0115744,0.0120067,0.00849783,0.00671368,0.0079284,0.00747763,0.0112331,0.0113233,0.0137736,0.00846402,0.00815155
90,0.0268164,0.024491,0.012227,0.0102316,0.0250163,0.00396344,0.00574914,0.00390344,0.0086431,0.00379736,0.0300573,0.0134304,0.00948122,0.0124706,0.0123869,0.0241549,0.0107866,0.0145412,0.0204051,0.0111648,0.00581599,0.00761192,0.0129393,0.0148599,0.00601119,0.00764331,0.00827733,0.00504871,0.0123713,0.0125957,0.00573066,0.0110494,0.0133932,0.010264,0.00673552,0.00884099,0.00798543,0.0122789,0.0102756,0.0146938,0.00928065,0.00983597
91,0.0274462,0.0236048,0.0129743,0.0103287,0.0242659,0.00413452,0.00623995,0.00385433,0.00898191,0.00368285,0.0267499,0.0130241,0.00954905,0.0120601,0.0109253,0.0234463,0.0100643,0.0157619,0.0170493,0.0109664,0.00649235,0.00842663,0.0125865,0.0162433,0.00791293,0.00791632,0.0100138,0.00530164,0.0128292,0.0129608,0.00617275,0.0105252,0.0143148,0.0117451,0.00690173,0.00956108,0.00835854,0.0138912,0.00816811,0.0152244,0.00989152,0.0114968
92,0.0281302,0.022961,0.0137771,0.0105189,0.0234695,0.00417164,0.00647933,0.00394584,0.00907407,0.0034503,0.024532,0.0125305,0.00928433,0.0112541,0.0101311,0.0220063,0.00818849,0.0151747,0.0117037,0.0108952,0.00706435,0.00890781,0.0118608,0.0161082,0.00960411,0.0078289,0.0116552,0.00589746,0.0133261,0.0131595,0.00628706,0.0100533,0.0141861,0.0120989,0.00692242,0.00999639,0.00831425,0.0154818,0.00631743,0.0152779,0.0102308,0.0128533
93,0.0287683,0.022557,0.0145737,0.0104036,0.0227681,0.00410061,0.00645821,0.00392411,0.00900297,0.00316726,0.0254246,0.0121047,0.00766272,0.00985316,0.00963735,0.0198058,0.00609744,0.0124755,0.00595541,0.0108551,0.00752934,0.00903017,0.0114292,0.0150828,0.0104492,0.00738792,0.012931,0.00646224,0.0137166,0.0132187,0.00642251,0.00969531,0.0126731,0.0107459,0.00666059,0.0101301,0.00804558,0.0161774,0.00724208,0.0148604,0.0102543,0.0137053
94,0.0291786,0.0223827,0.0152172,0.0101193,0.0221152,0.00399677,0.00622598,0.00374576,0.00890974,0.00290168,0.0300268,0.0119001,0.00514377,0.00820164,0.00882363,0.017178,0.00437256,0.00817535,0.00314104,0.0107488,0.0078965,0.00895309,0.0118051,0.0143458,0.00976963,0.00668693,0.0135972,0.00666895,0.0139339,0.0132072,0.00723702,0.00951773,0.00999587,0.0078473,0.00635601,0.0101017,0.00775459,0.0152653,0.0101215,0.0140399,0.0100055,0.0140443
95,0.0291901,0.0224111,0.0155469,0.0100522,0.0210028,0.0039099,0.00587666,0.00351206,0.00888147,0.00268086,0.0360795,0.0119542,0.0056595,0.00761432,0.00730177,0.0148232,0.00287671,0.00370998,0.00556731,0.0104982,0.00818013,0.00891609,0.012865,0.0143229,0.00842584,0.00588128,0.0135339,0.00644181,0.013994,0.0131925,0.00854271,0.00959127,0.00691444,0.00466001,0.00677758,0.0103294,0.00747895,0.0127703,0.0125775,0.0130088,0.00964454,0.0140304
96,0.0287777,0.0225728,0.0154768,0.0104983,0.0188485,0.00382697,0.00554161,0.00329346,0.0088863,0.00259416,0.0404177,0.0121703,0.0101822,0.00938313,0.00547677,0.0131796,0.00167168,0.00500638,0.00828082,0.0100649,0.00838736,0.00907423,0.0140068,0.0146977,0.00951043,0.00523109,0.0127875,0.00583824,0.0139289,0.0131843,0.00965896,0.00992839,0.00480837,0.00425101,0.00845613,0.0112413,0.00745509,0.00981611,0.0137817,0.0120795,0.00936245,0.0138197
97,0.0280881,0.0227604,0.0150512,0.0115744,0.015914,0.0037471,0.00531917,0.00308696,0.00883822,0.00275903,0.0409628,0.012412,0.0152983,0.0125531,0.00566753,0.0121025,0.00219548,0.0103638,0.010351,0.00950791,0.00851448,0.00939888,0.0146973,0.0149898,0.0130151,0.00517463,0.0115495,0.00494163,0.0137748,0.0131492,0.0102052,0.0104117,0.00565707,0.00651634,0.0107773,0.0126879,0.00799103,0.00841607,0.013797,0.0115459,0.00927239,0.0134595
98,0.0273684,0.0228773,0.0144233,0.0130546,0.0135494,0.00376463,0.00520984,0.00292564,0.00869936,0.00313925,0.0378549,0.0125998,0.0195195,0.0155833,0.0085028,0.0114192,0.00407642,0.0156185,0.0117065,0.00900131,0.00854695,0.00970262,0.0148947,0.014912,0.0160152,0.00590162,0.0100239,0.00389636,0.0135624,0.0130582,0.0106727,0.0107767,0.00856564,0.00856515,0.0128575,0.0138875,0.00899284,0.00934813,0.012977,0.0114277,0.00931805,0.0128974
99,0.0268106,0.0229048,0.013728,0.0143823,0.012806,0.00401019,0.00515688,0.0029608,0.00849558,0.00358401,0.0334866,0.0127432,0.0219951,0.0175244,0.0110092,0.0110147,0.00610937,0.0197418,0.0126506,0.00871235,0.00846564,0.00975612,0.01495,0.0145076,0.017138,0.00699009,0.00839957,0.00300499,0.0133018,0.0129494,0.0129591,0.0107705,0.01178,0.00980308,0.0142435,0.0141346,0.010298,0.0111496,0.0121321,0.0114506,0.00936878,0.0121245
100,0.0264643,0.0228898,0.0130327,0.0150163,0.0133564,0.00449372,0.00510297,0.00329137,0.00829462,0.00400036,0.0308739,0.0128568,0.0225081,0.018127,0.0116797,0.0106541,0.00785845,0.0221678,0.0137067,0.00867998,0.00822826,0.00940391,0.0152249,0.0141083,0.0164023,0.007968,0.00684898,0.00259099,0.0129688,0.0127774,0.0179075,0.010353,0.0145282,0.0101794,0.014825,0.0134152,0.011906,0.012856,0.0122351,0.0112467,0.00929032,0.0111891
101,0.0262557,0.0229025,0.0123567,0.0147758,0.0146588,0.00502006,0.00502977,0.00376476,0.0081698,0.0044063,0.0315627,0.0128744,0.0219306,0.0180879,0.0111377,0.0102909,0.00899649,0.0229498,0.0147267,0.00883679,0.00779596,0.00864086,0.0158285,0.0140932,0.014649,0.00860644,0.00553687,0.00274654,0.0125544,0.0123774,0.023635,0.00978271,0.0163714,0.00966002,0.0147188,0.0124821,0.0136028,0.0142818,0.0131655,0.0106127,0.00897658,0.0101116
102,0.0261164,0.0229548,0.0117136,0.0138629,0.015833,0.00530888,0.00493665,0.00412023,0.00815388,0.00479467,0.0345785,0.0126834,0.0220481,0.0187204,0.011211,0.00996673,0.00931793,0.0228753,0.0143006,0.00913735,0.00717781,0.00760267,0.0166478,0.0144537,0.013079,0.00873628,0.00461128,0.0033528,0.0121496,0.011784,0.0279821,0.00943085,0.017046,0.00855649,0.0142773,0.0121364,0.0146632,0.0152133,0.013722,0.00959055,0.00837581,0.00887185
103,0.0261669,0.0229845,0.011087,0.0126635,0.0157288,0.00516208,0.00481838,0.00422662,0.00823733,0.00500128,0.0372021,0.0122565,0.0242236,0.0209761,0.0130783,0.00931041,0.00919039,0.0231657,0.0109514,0.00954734,0.00641957,0.00647185,0.0175325,0.0147632,0.012334,0.00830895,0.00412292,0.00419289,0.0119125,0.0113515,0.0298938,0.00943847,0.0165351,0.00755685,0.0139591,0.0123732,0.0143095,0.0153107,0.0128439,0.00831696,0.00741543,0.0074671
104,0.0266797,0.0229532,0.010428,0.0116234,0.0143806,0.00452592,0.0046779,0.00416484,0.00840563,0.00473162,0.0369738,0.0118306,0.0276908,0.0243614,0.0158168,0.00781439,0.0097012,0.0245131,0.00647482,0.00997765,0.0055594,0.00537106,0.0183586,0.0146813,0.0120301,0.00751455,0.00400949,0.00502316,0.0119879,0.0113537,0.0294498,0.00966305,0.0151737,0.00702817,0.0140355,0.0127068,0.0124822,0.0144167,0.0101494,0.0068987,0.00605731,0.0059813
105,0.0278796,0.0229227,0.00973207,0.0110178,0.013774,0.00365244,0.00452617,0.00421742,0.00871993,0.0038793,0.0328414,0.011664,0.0296421,0.0265929,0.0171608,0.00578894,0.0112308,0.0261232,0.00764169,0.0102057,0.00450169,0.00418774,0.0190688,0.0141896,0.0118817,0.00678821,0.00406892,0.00557815,0.0123637,0.0116368,0.0274281,0.00984537,0.0137063,0.0069022,0.014573,0.0129282,0.0100811,0.012672,0.00584432,0.00532051,0.0044377,0.0044259
106,0.0295942,0.0230676,0.00922747,0.0107603,0.0155627,0.00322215,0.00450862,0.00455513,0.00937979,0.00291867,0.0256945,0.0116188,0.0276651,0.0255127,0.0160945,0.00436304,0.012762,0.0265885,0.010624,0.0100645,0.00322859,0.00267052,0.0196593,0.0134582,0.0121784,0.00666615,0.00397317,0.00561398,0.0128278,0.0119383,0.024893,0.00987593,0.0129846,0.00729315,0.0154774,0.0134452,0.00836882,0.0103931,0.00139987,0.00362915,0.00307096,0.00278975
107,0.0311021,0.0234934,0.00937047,0.0105733,0.0183813,0.00379613,0.00512522,0.00501824,0.0105638,0.00303831,0.018726,0.0113769,0.022153,0.0215162,0.0140641,0.00456873,0.013313,0.025587,0.0110352,0.0100631,0.00310135,0.00165114,0.0201201,0.0128087,0.0129158,0.00743273,0.00357285,0.00507517,0.0131227,0.0122419,0.0229069,0.00995079,0.0132501,0.00820121,0.0164234,0.0149899,0.00795383,0.00816337,0.00637203,0.0025649,0.00299891,0.00223582
108,0.0315699,0.0241195,0.0102654,0.0103211,0.0205654,0.00503994,0.00705876,0.00552035,0.0121738,0.00431008,0.0151277,0.0109628,0.01635,0.0175833,0.0129993,0.00697303,0.0128191,0.0241547,0.00968004,0.0112221,0.00565588,0.00424645,0.0204408,0.0125394,0.0136066,0.00891738,0.00336842,0.00409292,0.0131791,0.0127471,0.0221595,0.0103796,0.0135335,0.00945503,0.0169475,0.0174996,0.00846238,0.00683084,0.0127363,0.00299044,0.00408433,0.00412327
109,0.0308166,0.0246588,0.0115065,0.00985682,0.0220739,0.0065905,0.00986312,0.00618551,0.0137057,0.00593431,0.0145756,0.0107597,0.0136291,0.0165046,0.013282,0.00969032,0.0121481,0.0235592,0.00827171,0.0130535,0.00902467,0.00784956,0.0207387,0.0126023,0.0139182,0.0107317,0.00391795,0.00292185,0.0131144,0.013468,0.0225173,0.0111182,0.0125443,0.0109061,0.0166857,0.0199825,0.0094922,0.00679353,0.0184622,0.00388749,0.00538149,0.00634346
110,0.0294737,0.0248802,0.0127559,0.00899458,0.0235712,0.00863458,0.0121878,0.00754008,0.0146336,0.00772864,0.015296,0.0112297,0.0146035,0.0187881,0.0151217,0.0105985,0.0125718,0.0244111,0.00825109,0.0137663,0.0117417,0.010931,0.0212519,0.0127211,0.013786,0.0126004,0.00475319,0.00207775,0.013054,0.0140678,0.0232691,0.0118574,0.0103393,0.0124445,0.0155285,0.0213582,0.0108884,0.00770171,0.0226557,0.00505133,0.00675589,0.0077932
111,0.0283758,0.0247854,0.0138494,0.00795754,0.0252927,0.0113757,0.0130495,0.0101563,0.0148545,0.00943022,0.0165925,0.012582,0.016963,0.0224107,0.0178284,0.00957936,0.0141141,0.0260424,0.00966799,0.0125797,0.0130031,0.0127829,0.0220877,0.0126803,0.0132208,0.0142443,0.0053369,0.00223105,0.0130969,0.0141766,0.023894,0.01255,0.00832618,0.0139882,0.0136694,0.0209315,0.0123529,0.00914087,0.0248661,0.00671059,0.00817572,0.00819291
112,0.0278937,0.0245739,0.0145399,0.00754519,0.027001,0.0140286,0.0124953,0.0130707,0.0145207,0.0104195,0.0178613,0.0145371,0.0181336,0.0245898,0.0195699,0.00820167,0.0155239,0.0270667,0.0111674,0.0104439,0.0127169,0.0132647,0.0229657,0.0122239,0.0123356,0.0151065,0.00550476,0.00277826,0.0133281,0.0137634,0.0242739,0.013403,0.00737413,0.0155183,0.0115828,0.01867,0.0134206,0.0107169,0.0253049,0.00815876,0.0091162,0.00772317
113,0.0278098,0.0244564,0.0145741,0.00812539,0.028271,0.0151078,0.0111723,0.0142441,0.0136569,0.0102762,0.0184597,0.0164884,0.0173879,0.0243067,0.0194244,0.00804397,0.016012,0.02688,0.0115303,0.00883355,0.0114681,0.012608,0.0233566,0.0112009,0.0113974,0.0145753,0.00526854,0.00292419,0.0137168,0.0131398,0.0243445,0.0143913,0.00695631,0.0167833,0.00972204,0.0154559,0.0136681,0.0120759,0.0245441,0.00867704,0.00899524,0.00676403
114,0.0277992,0.0244727,0.0139827,0.00882232,0.0285679,0.0137386,0.00956521,0.0125482,0.0123735,0.00914691,0.0182661,0.0178408,0.0156435,0.0224147,0.0178157,0.00916413,0.0156108,0.0258225,0.0103809,0.00835938,0.0100732,0.0111976,0.0228969,0.0098941,0.0107639,0.0126476,0.00461891,0.00286444,0.0140519,0.0126017,0.0240553,0.0151586,0.00646434,0.0172301,0.00814512,0.0126733,0.0129016,0.0130382,0.0230692,0.00829359,0.00773318,0.00564028
115,0.0278303,0.0245489,0.0130824,0.00940663,0.0273588,0.0104321,0.0079603,0.00882002,0.011102,0.0075327,0.017495,0.0186179,0.0139785,0.02005,0.0155991,0.0105121,0.0146929,0.0243634,0.00810611,0.00926367,0.00906858,0.00951889,0.0216662,0.00882894,0.0106758,0.0101889,0.00349519,0.00363037,0.014102,0.0121729,0.0235906,0.0154163,0.00571088,0.0164978,0.00688417,0.01099,0.0112653,0.0135355,0.021132,0.00762044,0.00576726,0.00453228
116,0.0279867,0.0246004,0.0122759,0.0107622,0.0244488,0.00665369,0.00649199,0.00530893,0.010172,0.00595605,0.0164228,0.0193226,0.0126616,0.017541,0.013229,0.0112393,0.0135476,0.0226064,0.00541127,0.0110503,0.0085078,0.00804305,0.0200911,0.00828244,0.0110176,0.00822792,0.00212085,0.00531464,0.0138222,0.0117355,0.0232914,0.0152631,0.00493939,0.0146911,0.00682309,0.0100002,0.00924625,0.0136032,0.0188929,0.0072588,0.00371267,0.00355685
117,0.0281939,0.0245908,0.0118117,0.0130604,0.0203156,0.00376168,0.00511483,0.00398416,0.00951169,0.0047613,0.015483,0.0200708,0.0114466,0.0147491,0.0107405,0.0111741,0.012291,0.0204739,0.00355681,0.0123657,0.00816449,0.00705431,0.0186278,0.00814726,0.0114587,0.00703593,0.00122519,0.00702564,0.0133491,0.011209,0.0233018,0.0150374,0.00450142,0.0122252,0.00811987,0.00915954,0.00746725,0.0133867,0.0166793,0.00737315,0.0020888,0.00280909
118,0.0282605,0.0245166,0.0117687,0.0157887,0.0159451,0.00237786,0.00405485,0.00409535,0.00898241,0.00402661,0.0151557,0.0206711,0.0102048,0.0117901,0.00816187,0.0107129,0.0109639,0.0180086,0.00438459,0.012472,0.00784015,0.00671962,0.0174972,0.00818274,0.0117402,0.00631928,0.00126729,0.00817103,0.012863,0.0105625,0.0233681,0.0149083,0.00434117,0.00956074,0.0088378,0.00828577,0.00633563,0.0130889,0.0148867,0.00774044,0.00133338,0.00235766
119,0.0281007,0.0243851,0.0120844,0.0186468,0.0123562,0.00240457,0.00363048,0.00415571,0.00850169,0.003601,0.015545,0.0211281,0.00914864,0.00918355,0.00582632,0.0104687,0.00964076,0.0154544,0.00669902,0.0116465,0.0075073,0.00701502,0.0166635,0.00827577,0.0117677,0.00595842,0.00132264,0.0086356,0.0124708,0.00978967,0.0231073,0.0148591,0.00428425,0.00708974,0.00772517,0.00767779,0.00588483,0.012911,0.0137066,0.00797296,0.00134705,0.00219141
120,0.0278227,0.0241663,0.0125491,0.0215632,0.0101799,0.0030333,0.00358048,0.00392961,0.00789687,0.00328353,0.0162627,0.0216121,0.00862611,0.00751115,0.00433222,0.0108466,0.00844962,0.0131546,0.00890728,0.0105799,0.00721218,0.00749721,0.016006,0.00854581,0.0115561,0.0060333,0.00116255,0.00863803,0.0122051,0.00895047,0.0224469,0.0148887,0.00438276,0.00506081,0.00564973,0.00785016,0.00599107,0.0130275,0.0131726,0.00780166,0.00140874,0.00218632
121,0.0276227,0.0238193,0.0128819,0.0245408,0.00945377,0.00372409,0.00360273,0.00363394,0.00702356,0.0030797,0.0168938,0.0222646,0.00883443,0.00697257,0.00408485,0.0117458,0.00757393,0.0114688,0.0104552,0.00978837,0.00696356,0.00764573,0.0154621,0.00910741,0.0110792,0.00652708,0.00115789,0.00849433,0.0120649,0.00818714,0.0216005,0.0150068,0.00478471,0.0035009,0.00472306,0.00893131,0.00655708,0.0134743,0.013261,0.00729556,0.00139349,0.00217016
122,0.0276476,0.0233496,0.0129209,0.0274795,0.00982145,0.00434395,0.00379033,0.00356942,0.00601479,0.00336821,0.0174964,0.0230511,0.00961074,0.00714336,0.00464077,0.0126993,0.00714081,0.0106013,0.0112434,0.00943524,0.00674993,0.00726336,0.0150638,0.00981857,0.0102017,0.00726353,0.00152386,0.00845909,0.0120444,0.00765106,0.0207147,0.0151254,0.00539137,0.0026022,0.00474273,0.0106131,0.00752314,0.0141166,0.0137474,0.00683223,0.00153674,0.00211835
123,0.0279399,0.0228484,0.0126928,0.030111,0.0105546,0.00484953,0.00430225,0.00385418,0.00523525,0.00430797,0.0183436,0.0237957,0.0105783,0.0074705,0.00540812,0.0132892,0.00709244,0.0104506,0.011512,0.00942885,0.00661983,0.0065409,0.0149064,0.0104476,0.00874641,0.00800355,0.00204117,0.00866591,0.0121234,0.00736889,0.0196451,0.0150927,0.00597116,0.0032736,0.0039579,0.0123771,0.00871495,0.0147795,0.0140986,0.00680895,0.0019685,0.00213276
124,0.028468,0.0224353,0.0123295,0.032089,0.0104524,0.0052053,0.00509654,0.00438896,0.00493443,0.00537932,0.0194387,0.0243206,0.0114022,0.00771119,0.0062859,0.0133811,0.0073119,0.0108055,0.0117891,0.00955064,0.00666436,0.00593411,0.0150795,0.0108667,0.00671418,0.00853633,0.00251645,0.00910389,0.0122548,0.00720975,0.0181076,0.014854,0.00653377,0.00505261,0.00215494,0.0138675,0.00965805,0.0154213,0.0137678,0.00739194,0.00269359,0.00222755
125,0.0291302,0.0221398,0.0119736,0.0331944,0.00847251,0.00536032,0.00600269,0.0050518,0.00496862,0.00606697,0.0206117,0.0245502,0.0118879,0.00781864,0.00754653,0.0132143,0.00794345,0.0116919,0.012732,0.00956902,0.00689303,0.00582675,0.0155678,0.0110042,0.00446895,0.008769,0.00285678,0.00963414,0.0123821,0.0070264,0.015978,0.0145047,0.00723802,0.00659644,0.000806106,0.0149159,0.00985129,0.0161048,0.0125492,0.00850577,0.00366698,0.00235531
126,0.0298045,0.0218698,0.0116854,0.0335077,0.00491616,0.00532271,0.00687181,0.0056976,0.0050364,0.00634851,0.0216882,0.0245587,0.0119025,0.00774817,0.009295,0.0133603,0.00929568,0.0131348,0.0144852,0.00942287,0.00722629,0.00620799,0.0162301,0.0108286,0.00317907,0.00873967,0.00302677,0.0101088,0.0124578,0.00680922,0.0135263,0.0141704,0.00807178,0.00709941,0.00321689,0.015189,0.0093371,0.0165561,0.0106069,0.00991886,0.00474871,0.00264927
127,0.0303799,0.0214886,0.0114779,0.03336,0.00216919,0.00519991,0.00759475,0.00615117,0.00503186,0.00656096,0.0225747,0.0244883,0.0113491,0.00762799,0.0109591,0.0143089,0.0111779,0.0145696,0.0163636,0.00922798,0.00754942,0.00676792,0.0168668,0.0104945,0.00449176,0.00856606,0.00305019,0.0104494,0.0124811,0.00666163,0.0118995,0.0138786,0.00876328,0.00644266,0.00563525,0.014269,0.00853221,0.0160086,0.0083447,0.0113345,0.00573325,0.00331846
128,0.0307693,0.0209717,0.0113875,0.0330672,0.00258955,0.00513799,0.00808147,0.00632283,0.00499772,0.0069547,0.0230855,0.0244223,0.0102954,0.0078475,0.0116316,0.0158092,0.0127636,0.0150224,0.0174262,0.00910772,0.00777729,0.00722124,0.0173224,0.0103453,0.00703451,0.00839105,0.00299825,0.0106405,0.0124985,0.00667337,0.0132331,0.0135288,0.00896528,0.00513037,0.00735961,0.0122845,0.00744899,0.0139369,0.00627691,0.012458,0.00644219,0.00433838
129,0.0309011,0.0204709,0.0114634,0.0327623,0.00437881,0.00519888,0.0083024,0.00624237,0.0049425,0.00742367,0.0230498,0.024384,0.00906081,0.00844472,0.0109207,0.0170211,0.0133092,0.0139725,0.0171523,0.00906731,0.00792128,0.0074571,0.0175322,0.0106135,0.00929014,0.00834065,0.00294298,0.0107119,0.0125636,0.00685664,0.0178649,0.0129977,0.00874066,0.00410805,0.00808716,0.0103542,0.00618532,0.0109072,0.00553539,0.0130832,0.0068224,0.00551904
130,0.030765,0.0201546,0.0117074,0.0324343,0.00797895,0.00534827,0.00828303,0.005967,0.00479884,0.00764898,0.0227131,0.0243427,0.00806478,0.00877963,0.00937854,0.0172975,0.0127151,0.011858,0.0158484,0.00898628,0.00805098,0.00751352,0.0175402,0.0111876,0.0103559,0.00852425,0.00294346,0.0107207,0.012683,0.00716978,0.0236063,0.0122443,0.00877768,0.00482141,0.00783799,0.00975481,0.00573099,0.00898907,0.00866401,0.0131636,0.0069476,0.00663742
131,0.0304254,0.0200597,0.0120447,0.0321139,0.0112706,0.00556843,0.00811986,0.00559073,0.00456228,0.00745627,0.0223546,0.0242675,0.00750978,0.00828044,0.00805833,0.0166311,0.0114915,0.00973008,0.014484,0.00875655,0.00824168,0.00755421,0.0174557,0.0118225,0.0100063,0.00900832,0.00307526,0.010753,0.0127869,0.00757067,0.0285202,0.0114078,0.00957891,0.00724448,0.00712661,0.0102769,0.00667417,0.010726,0.0138309,0.0127904,0.00696631,0.00750347
132,0.0300122,0.0200968,0.0123712,0.0319137,0.0124094,0.00592159,0.00793715,0.00529076,0.00438148,0.00698783,0.0221393,0.024171,0.00719624,0.00716593,0.00748429,0.0154543,0.0102421,0.00826367,0.0136202,0.00841942,0.00852028,0.00773745,0.017424,0.0124116,0.00909232,0.00979037,0.0034325,0.0108874,0.0127672,0.00802416,0.0317717,0.0108115,0.010685,0.00992965,0.0068806,0.0109572,0.00837118,0.0147737,0.018004,0.01213,0.0069911,0.0079968
133,0.0296745,0.0201831,0.0125784,0.0319317,0.0112867,0.00645287,0.00782973,0.00526382,0.00443005,0.00655345,0.0226761,0.0241201,0.00667946,0.00647705,0.00733095,0.0142337,0.00926591,0.00735538,0.0127171,0.00817974,0.00887619,0.00810065,0.0175857,0.0130032,0.00881503,0.0107797,0.00404165,0.0111584,0.0125533,0.00851492,0.0334918,0.010794,0.0114241,0.011867,0.00753716,0.0113788,0.0102413,0.0183352,0.0202785,0.0113731,0.00703026,0.00809868
134,0.0295079,0.0202911,0.0126012,0.0321686,0.00896867,0.00707266,0.0078176,0.00553105,0.00471017,0.00633631,0.0241174,0.0241635,0.00548755,0.00686491,0.00725517,0.0133051,0.00860687,0.00677525,0.0109502,0.00816371,0.00923447,0.00855694,0.0180085,0.0136213,0.00942592,0.0118077,0.00480078,0.0115387,0.0121754,0.00902989,0.0344232,0.0113233,0.0115697,0.0126435,0.00857964,0.0116085,0.0119475,0.0200282,0.0215789,0.0106906,0.00700529,0.00788486
135,0.0295143,0.0203738,0.0124855,0.0325168,0.00688212,0.00758367,0.00783308,0.00591526,0.00504251,0.00628075,0.0253613,0.0242641,0.00378839,0.00784832,0.0074726,0.0129688,0.00829984,0.00664593,0.00822691,0.00820694,0.0094214,0.0089241,0.0186479,0.0141359,0.0103577,0.0126688,0.0055277,0.0119559,0.0117638,0.00951691,0.035186,0.0119146,0.0113108,0.0124583,0.0092854,0.0120388,0.0132178,0.0198589,0.0229329,0.0101889,0.00683885,0.00748669
136,0.0296319,0.0203896,0.0123627,0.0328163,0.00645703,0.00775477,0.00781108,0.00621838,0.00525377,0.00627054,0.0256558,0.0243829,0.00395341,0.00915576,0.00849691,0.0134995,0.00849542,0.00730732,0.00645207,0.0080791,0.00929667,0.00903691,0.0193607,0.0143131,0.0109328,0.0131935,0.00604678,0.0123215,0.0114388,0.00989886,0.0355543,0.0120297,0.0110239,0.0119912,0.00883579,0.0128544,0.0138413,0.0189232,0.0237225,0.0098131,0.0065094,0.00701258
137,0.0298366,0.020348,0.0123993,0.0329419,0.00779017,0.00745467,0.00772378,0.006322,0.00522871,0.00637675,0.0259017,0.024609,0.00649361,0.0107258,0.0101514,0.0149048,0.00940161,0.00884047,0.00961606,0.00768911,0.00881051,0.00880145,0.0199983,0.0139161,0.0109465,0.013281,0.00626883,0.0125736,0.0112626,0.0100776,0.0346641,0.0114218,0.0112272,0.0121884,0.00663509,0.0134666,0.0141444,0.0187769,0.0215016,0.00942346,0.00605669,0.00652799
138,0.0301813,0.0203193,0.0127151,0.0329038,0.00986167,0.00682381,0.00756308,0.00624747,0.00490734,0.00679301,0.0277003,0.0250856,0.00898153,0.01231,0.0118619,0.0168516,0.0110886,0.0108675,0.0163067,0.00711765,0.00795628,0.00820233,0.0204781,0.0129259,0.0110107,0.0129135,0.00619307,0.0126956,0.0112203,0.00999268,0.0320587,0.010317,0.0124314,0.01374,0.00373313,0.0130268,0.0151011,0.0201633,0.015321,0.00889941,0.00552415,0.0060492
139,0.0307161,0.0203548,0.0133417,0.0328127,0.0124082,0.0063184,0.00725489,0.00615504,0.00428376,0.00749032,0.0314396,0.0256534,0.0108031,0.0137483,0.0136001,0.0189415,0.0132593,0.0129383,0.0241758,0.00663577,0.00670888,0.00724659,0.0208085,0.0117534,0.0120353,0.012175,0.00584983,0.0126834,0.0112549,0.0096821,0.0277099,0.0093137,0.0137421,0.0155114,0.00413683,0.0116136,0.0168478,0.0221291,0.010591,0.00814027,0.00486298,0.00552014
140,0.0313707,0.020422,0.014231,0.0326895,0.0153877,0.00633597,0.00657201,0.00607517,0.0034581,0.00816855,0.0361319,0.0256538,0.0122711,0.0149102,0.0156064,0.0210344,0.0153358,0.014904,0.0320499,0.00669723,0.0050652,0.00592135,0.0210898,0.0109219,0.0136929,0.0112407,0.00524405,0.0124878,0.0113564,0.00921112,0.0217567,0.00893474,0.0131291,0.015192,0.0065236,0.0105104,0.0183327,0.0230888,0.012508,0.00697284,0.00390068,0.00480162
141,0.0318294,0.0204681,0.015246,0.0324996,0.0183486,0.00667856,0.00526359,0.00584085,0.00288665,0.00857866,0.0405891,0.0245569,0.0136548,0.0155592,0.0176838,0.0233643,0.0168727,0.0168255,0.0389548,0.00758599,0.00318436,0.00430234,0.0213952,0.010555,0.014302,0.0103091,0.00442062,0.0119967,0.0115574,0.00856136,0.0163399,0.00930341,0.00996141,0.0120701,0.00871585,0.0108526,0.0188703,0.02222,0.0133248,0.00511367,0.00263777,0.00383098
142,0.0316578,0.0205115,0.0160689,0.0324438,0.0207927,0.00691037,0.00348193,0.00542468,0.00328744,0.00872943,0.0440074,0.0229287,0.0148142,0.0156583,0.0193172,0.0259473,0.0176384,0.0184304,0.044105,0.00894588,0.00152532,0.00285151,0.0216543,0.0105983,0.0126743,0.00962367,0.00400458,0.0111659,0.0118466,0.00778916,0.0147221,0.0102542,0.00648973,0.00858392,0.0105241,0.0126005,0.0186269,0.0200985,0.0110586,0.00254611,0.00271098,0.00346169
143,0.0307456,0.0205853,0.0163396,0.0325498,0.0226033,0.00706468,0.00242449,0.00488709,0.00442949,0.00872982,0.0460485,0.0220419,0.0154811,0.0154627,0.020215,0.0280594,0.0174687,0.0190847,0.0470688,0.0101699,0.00113917,0.00266061,0.0216934,0.0109836,0.00932425,0.00952791,0.00474942,0.0100393,0.0120517,0.00727643,0.0150749,0.0113369,0.00565824,0.0077983,0.010869,0.0147161,0.0181238,0.0181899,0.00824678,0.00246403,0.00493831,0.00473523
144,0.0295904,0.0206957,0.0159023,0.0323951,0.0239185,0.0078255,0.0032993,0.00490001,0.00567586,0.00867226,0.0467925,0.0224618,0.0156074,0.0152761,0.0204846,0.0287319,0.0163326,0.0184341,0.0478265,0.011003,0.0022204,0.00397817,0.0214877,0.0114173,0.00631838,0.0103135,0.00575497,0.00867698,0.0118826,0.00760912,0.0145453,0.0119925,0.00651783,0.00910608,0.00997572,0.0159113,0.0179895,0.0176671,0.00669371,0.00607773,0.00721309,0.00650359
145,0.0288449,0.020821,0.0149565,0.0316565,0.0248489,0.00948632,0.00456358,0.00637607,0.00676191,0.00871911,0.0465306,0.0236656,0.0153839,0.0153169,0.0204173,0.0276168,0.0145121,0.0168536,0.046697,0.0115912,0.00395698,0.00571569,0.021241,0.0114301,0.00591334,0.0119454,0.00617447,0.00724618,0.0111878,0.0089877,0.013625,0.012128,0.00828574,0.0119298,0.0103143,0.015912,0.0184544,0.0185627,0.00716428,0.00945004,0.00857057,0.0076898
146,0.0286409,0.0209318,0.0139501,0.0302728,0.0253786,0.0110403,0.00550034,0.0077812,0.00758311,0.00894684,0.0455941,0.0246305,0.0150067,0.0156431,0.0202125,0.0253182,0.0124491,0.0151321,0.044258,0.0122229,0.00592856,0.00709619,0.0211532,0.0106832,0.0071796,0.01392,0.0064432,0.00613878,0.0101172,0.0109355,0.0132864,0.0124092,0.010425,0.0150528,0.0121855,0.0156115,0.019097,0.0198993,0.00880981,0.011573,0.00898102,0.00809555
147,0.0285447,0.0210388,0.0132214,0.0283996,0.0254685,0.0112529,0.00615824,0.00742985,0.00812577,0.0091574,0.0443313,0.0247036,0.0146016,0.0161232,0.0198915,0.0231489,0.0106195,0.013871,0.0411472,0.0130916,0.00729058,0.0076624,0.0212142,0.0093154,0.00831395,0.0153427,0.00700061,0.00559013,0.00897101,0.0126618,0.0135508,0.0134696,0.0117135,0.0164813,0.0132561,0.0159242,0.0195646,0.0207628,0.0101283,0.0122084,0.00894758,0.00793613
148,0.0281222,0.0211487,0.0128274,0.026409,0.0252156,0.00978897,0.00662382,0.00539457,0.00847389,0.00915528,0.043152,0.0239638,0.0142556,0.016437,0.0194495,0.0222838,0.00961966,0.0132042,0.0378529,0.0142288,0.00742614,0.00741862,0.0212284,0.00796984,0.00905992,0.0153921,0.00726453,0.00525494,0.00799332,0.0135362,0.0142512,0.0149239,0.0117715,0.0158783,0.0127477,0.0167704,0.0198279,0.0209925,0.0104818,0.011721,0.00886652,0.0074102
149,0.0274251,0.0212145,0.0126886,0.0246453,0.024848,0.00737199,0.00659234,0.00301072,0.00865628,0.00896076,0.0424363,0.0228918,0.0140206,0.0162913,0.0190513,0.0227085,0.00957954,0.0129238,0.0347548,0.0155269,0.00641571,0.00675947,0.0209809,0.0072486,0.00957825,0.0139189,0.00663495,0.00493465,0.00743913,0.0134449,0.0152089,0.0160052,0.0110086,0.014271,0.0113964,0.0174409,0.0198376,0.0208013,0.00995166,0.0108037,0.00862669,0.00655248
150,0.0268644,0.0211535,0.0127184,0.0231897,0.0245453,0.00522226,0.00556935,0.00226246,0.00860275,0.00866699,0.042319,0.0219685,0.0139716,0.01568,0.018802,0.0235373,0.00980363,0.0128032,0.0322307,0.0167601,0.00488465,0.00610314,0.0204095,0.0071783,0.00963903,0.0115907,0.00518858,0.0050706,0.00751668,0.012778,0.0159683,0.016456,0.0100398,0.0125788,0.00996269,0.0175901,0.0193709,0.0201405,0.00884302,0.0103447,0.00791675,0.00540102
151,0.0267114,0.0208935,0.0127847,0.0217978,0.0243293,0.00417128,0.00366089,0.00290649,0.00831414,0.00831057,0.0426417,0.0213609,0.0142092,0.0148007,0.0184748,0.0241539,0.00974109,0.012814,0.0305937,0.0176674,0.00350878,0.00559546,0.0196431,0.00748783,0.00864027,0.00938261,0.00376874,0.0057491,0.00804755,0.0120419,0.0159287,0.0164558,0.00940509,0.0109488,0.00848062,0.0174072,0.0181473,0.0186625,0.00735086,0.0106987,0.00677106,0.00420559
152,0.0268733,0.0203987,0.0127208,0.0201207,0.0241297,0.00404438,0.0017303,0.00318023,0.00792652,0.00794138,0.0431055,0.020853,0.014669,0.0137976,0.01785,0.0245374,0.0094563,0.0131643,0.0300009,0.0180883,0.0026132,0.00511813,0.0188878,0.00798225,0.00633461,0.00787582,0.00342363,0.00636737,0.00863007,0.0114907,0.0148584,0.0162164,0.00943353,0.00914183,0.00686538,0.0169302,0.0160526,0.0162028,0.00596319,0.0110035,0.00561112,0.00333195
153,0.0270712,0.0196895,0.0124498,0.0180354,0.0238325,0.00429559,0.00091422,0.0034601,0.00757887,0.00761694,0.0434297,0.0201084,0.0150137,0.0126856,0.0169447,0.0249707,0.00927793,0.0141611,0.0304175,0.0180254,0.00206397,0.00452743,0.0182602,0.00836764,0.00342841,0.0070777,0.00367764,0.00653066,0.00903535,0.0110955,0.013157,0.0158049,0.0100558,0.00725651,0.00570542,0.0155742,0.0133097,0.0132024,0.0060513,0.0104993,0.00484468,0.0029253
154,0.0271166,0.0188648,0.0120638,0.0157088,0.0232373,0.00466958,0.00110038,0.00383758,0.00729969,0.00727673,0.0433823,0.0189736,0.0149027,0.0115064,0.0157881,0.0256637,0.00948619,0.0158833,0.0315347,0.0175949,0.00157716,0.00382206,0.0177243,0.00829762,0.0014829,0.0067871,0.0037386,0.00625875,0.00924854,0.0107258,0.0114919,0.0152193,0.0109091,0.00590492,0.00562914,0.0126988,0.0104752,0.010658,0.00781483,0.00952376,0.00457837,0.00286452
155,0.027046,0.0180585,0.0117434,0.0134616,0.0220987,0.00504209,0.00129116,0.00355391,0.00703521,0.00679867,0.0426671,0.0176172,0.0144146,0.0105432,0.0143206,0.0265289,0.0103158,0.0180644,0.0327125,0.0169481,0.00114727,0.00315487,0.0172269,0.00787501,0.00140006,0.00685839,0.00377529,0.00574178,0.00932363,0.0103314,0.0103387,0.0145066,0.0117237,0.00536997,0.00648628,0.00882337,0.00823965,0.00950263,0.00969902,0.00897324,0.00471357,0.00310838
156,0.0270042,0.0173309,0.0116429,0.0117546,0.0203423,0.00534137,0.0015431,0.00249295,0.0067862,0.00617795,0.0409385,0.0164361,0.0140702,0.0101619,0.0125095,0.0272574,0.0118766,0.0203626,0.033106,0.0162796,0.00123014,0.00287927,0.0168262,0.00770742,0.00137022,0.00717494,0.00419172,0.00515562,0.00933121,0.010052,0.0100864,0.0137911,0.0125633,0.00527695,0.007768,0.00631344,0.00703484,0.00978616,0.0108115,0.00928168,0.00509325,0.00375985
157,0.0271026,0.0166161,0.0117824,0.0110902,0.018194,0.00558177,0.00189901,0.00131473,0.00662716,0.00558879,0.0379106,0.0156704,0.0144185,0.0103101,0.0104749,0.0275634,0.0137625,0.0224966,0.0317496,0.0157473,0.0019476,0.00321739,0.0166426,0.00830205,0.00215674,0.00757431,0.0051913,0.00463478,0.00937065,0.0100894,0.0107745,0.0132374,0.0136654,0.00554891,0.00878114,0.00661617,0.00672743,0.0108483,0.0110398,0.0101115,0.00562944,0.00491025
158,0.027362,0.0158105,0.0120788,0.0115292,0.0160948,0.00578848,0.00229681,0.00121043,0.00662356,0.00524823,0.0336193,0.0151823,0.0154092,0.0104936,0.0085752,0.0272957,0.0150275,0.0240768,0.0278466,0.0154003,0.00289712,0.00391168,0.0167123,0.00954175,0.00379702,0.0078994,0.00667222,0.0043325,0.00953872,0.0104161,0.0119102,0.0128898,0.0151515,0.00683409,0.00927069,0.00718088,0.0067501,0.0121777,0.0104883,0.0108935,0.00628753,0.00644834
159,0.0277412,0.0149329,0.0124549,0.0124111,0.0144571,0.0059496,0.00266626,0.00184641,0.00677882,0.00523065,0.0288387,0.0147229,0.0162488,0.0103147,0.0073735,0.0263466,0.0147578,0.0244913,0.0212212,0.0151687,0.00385419,0.00467887,0.0169462,0.0104325,0.00551664,0.00807275,0.00829431,0.00444901,0.00983928,0.0108312,0.0130485,0.0126403,0.0168055,0.009124,0.00966442,0.00700971,0.00669935,0.0136833,0.00911659,0.011365,0.00702111,0.0080911
160,0.0281825,0.0141567,0.0129023,0.012934,0.0135594,0.00606204,0.00299376,0.00227437,0.00706386,0.00542174,0.0260039,0.0142114,0.0159224,0.00962211,0.00732286,0.0245669,0.0127851,0.0231323,0.0126908,0.0149273,0.00471114,0.00544799,0.0172374,0.010007,0.00718605,0.00803043,0.00972618,0.00497988,0.0102076,0.0112199,0.0140364,0.0124159,0.0181095,0.011122,0.0103437,0.00694217,0.00663618,0.0153208,0.00696177,0.0115611,0.00771072,0.00952886
161,0.0286245,0.0136743,0.0134295,0.012883,0.0135528,0.0061407,0.00331626,0.00237215,0.00745322,0.00557048,0.0284252,0.0137499,0.0138417,0.00834949,0.00802726,0.0218632,0.00993173,0.0198674,0.00448904,0.0145767,0.00542356,0.00624952,0.0175344,0.00852981,0.00818005,0.0076814,0.0107922,0.00562184,0.0106133,0.0116098,0.0147349,0.0122592,0.0185852,0.0116196,0.010875,0.007529,0.0067487,0.0166424,0.00450833,0.0114634,0.00816074,0.0105627
162,0.0289785,0.0135506,0.0140004,0.012743,0.014251,0.00617819,0.00365985,0.00224833,0.00790472,0.00543073,0.0347016,0.013452,0.0101624,0.0066591,0.00844265,0.018436,0.00749203,0.0152722,0.00610516,0.014058,0.00598702,0.00709365,0.0177696,0.00720655,0.00724861,0.00700366,0.0114475,0.00608541,0.0110764,0.0120515,0.0150571,0.0122412,0.018062,0.0104329,0.0103356,0.00846251,0.00683012,0.0168556,0.00231562,0.0109428,0.00827767,0.0111933
163,0.0291332,0.0137193,0.0145235,0.0130893,0.0150425,0.00612575,0.00399611,0.00211377,0.00830106,0.00500209,0.0398073,0.0133228,0.00585316,0.005449,0.00781716,0.014912,0.00616916,0.0103697,0.0117816,0.0133182,0.00641232,0.00790978,0.0178113,0.00692397,0.00399286,0.00614673,0.0116952,0.00624194,0.0115745,0.0124931,0.0151872,0.0123821,0.0166126,0.00831033,0.00842711,0.00943007,0.00647782,0.0154919,0.000923962,0.0100583,0.00821756,0.0115562
164,0.0290165,0.0140752,0.0148962,0.0139745,0.0154247,0.00591345,0.0042493,0.00210775,0.00847105,0.00456617,0.0411593,0.0133114,0.00400625,0.00602291,0.00615325,0.0120569,0.00558656,0.00666389,0.0157779,0.0123154,0.00671551,0.00857078,0.0175904,0.00753988,0.00195401,0.00542994,0.0115199,0.00603265,0.011988,0.0127792,0.0154318,0.0126204,0.0143572,0.00615669,0.00606571,0.0103642,0.00564335,0.0130658,0.00270189,0.00917054,0.00827015,0.0117399
165,0.0286508,0.0145194,0.0150444,0.0151497,0.0155108,0.00550665,0.00433407,0.00218556,0.00829767,0.00436818,0.0397653,0.0133712,0.00670041,0.00775593,0.004359,0.0102072,0.00523662,0.00694059,0.0181008,0.0110617,0.00693655,0.00896276,0.0172481,0.00830996,0.00610024,0.0052916,0.0109027,0.0054656,0.0121919,0.0127953,0.0157455,0.0128375,0.011414,0.00435807,0.004914,0.0111039,0.00481273,0.0109122,0.00480378,0.00874825,0.00862147,0.0117129
166,0.0281616,0.0149429,0.0149625,0.0164652,0.0156201,0.00500086,0.00421929,0.00227765,0.00783187,0.00436949,0.0377995,0.0134773,0.00931279,0.00923684,0.00372601,0.00911923,0.00507322,0.0104289,0.0189513,0.00969915,0.00713062,0.00903286,0.0170613,0.00868176,0.00940559,0.00600635,0.00986254,0.00474557,0.0121708,0.0125921,0.0158345,0.0128983,0.00806507,0.00310923,0.00554562,0.0112799,0.00466466,0.00990611,0.00613551,0.00894973,0.0091672,0.0114134
167,0.0277212,0.0152395,0.0146969,0.0177851,0.0155139,0.00464044,0.0039569,0.00239023,0.00726567,0.0044515,0.0362908,0.013648,0.0103158,0.00985493,0.00366204,0.00832903,0.00510953,0.0138952,0.0187193,0.00846619,0.00729782,0.0087666,0.0171901,0.00856946,0.0112027,0.00726669,0.00851471,0.00418753,0.0120117,0.0123284,0.0158452,0.0127028,0.00511515,0.0030295,0.00701619,0.0106169,0.00541311,0.00959873,0.00647974,0.00943891,0.00965085,0.0108815
168,0.0274453,0.0153818,0.0142896,0.0188187,0.0149417,0.00460607,0.00366224,0.00255146,0.00681661,0.00460294,0.0353318,0.0138905,0.00984893,0.00964339,0.00279819,0.007585,0.00516529,0.0158883,0.0183533,0.00754659,0.00735603,0.00817871,0.0175303,0.00819761,0.0118385,0.00846238,0.00708822,0.00387853,0.0117855,0.0120871,0.0163514,0.0122197,0.00403796,0.00372214,0.00872141,0.00933784,0.00686702,0.00931308,0.00590014,0.00978447,0.00990995,0.0102328
169,0.0273114,0.0154472,0.0137884,0.0192595,0.014569,0.00478468,0.0034365,0.00275955,0.00663607,0.00482244,0.0352047,0.0141222,0.00884722,0.00902834,0.00149137,0.0071142,0.00511728,0.0160549,0.0189873,0.00697497,0.00719729,0.00732267,0.0178646,0.00793477,0.0119779,0.00919156,0.00586603,0.00377339,0.0114999,0.0117735,0.017554,0.0114861,0.0047804,0.00432476,0.0103142,0.00833719,0.00863897,0.00893559,0.00460361,0.00977841,0.00986856,0.0094907
170,0.0271867,0.01554,0.0132631,0.0190393,0.015008,0.00489886,0.00329201,0.00296556,0.00674265,0.0050577,0.0365468,0.0141777,0.00857077,0.00860399,0.00100862,0.00729403,0.00498637,0.0149233,0.0206464,0.00668007,0.00676643,0.0062932,0.0181312,0.00815058,0.0124401,0.00935685,0.00505479,0.00394264,0.0111682,0.0112567,0.0191148,0.0106314,0.00575703,0.00515137,0.0116571,0.00863834,0.00998489,0.00854596,0.00340003,0.00939664,0.00944018,0.00853127
171,0.0269674,0.0157182,0.0128103,0.0184027,0.0155301,0.00471342,0.00320305,0.0031089,0.00705134,0.00521879,0.0394938,0.0139043,0.0100163,0.00932976,0.00151182,0.00800239,0.00481937,0.0136609,0.0212875,0.00662471,0.00610587,0.00522485,0.0184358,0.00890662,0.0136136,0.00901814,0.00466285,0.00446044,0.0108999,0.0106706,0.0207331,0.00990743,0.00656447,0.00653098,0.0128774,0.0100994,0.0102224,0.00804609,0.00402896,0.00869664,0.0085683,0.00724677
172,0.0267624,0.0160003,0.0125066,0.0177566,0.0149827,0.00410698,0.00318301,0.00322965,0.00748586,0.00515868,0.0431982,0.0133096,0.0133266,0.0121834,0.00459418,0.00828797,0.0049083,0.0135749,0.0185004,0.00678358,0.00530506,0.00422706,0.0188516,0.00985048,0.0150598,0.00835735,0.00451418,0.0052116,0.0108791,0.0104526,0.0223481,0.00956205,0.00730344,0.00784748,0.0141306,0.0117676,0.00938157,0.00727798,0.00627876,0.00774904,0.00728874,0.00565978
173,0.0268852,0.0163967,0.012361,0.0174883,0.0132591,0.00312592,0.00326717,0.00350344,0.00803688,0.00475572,0.0454748,0.0126856,0.0171733,0.016212,0.00848412,0.00713853,0.00586081,0.0151675,0.0136468,0.00702337,0.00442675,0.00330741,0.0193296,0.0105062,0.0163119,0.00765896,0.0044117,0.00590914,0.0112786,0.0108533,0.0238812,0.00960936,0.00823218,0.00862674,0.0154653,0.0131226,0.00829922,0.0062609,0.00917357,0.00672319,0.00585756,0.00391118
174,0.0276441,0.0168845,0.0123206,0.0177474,0.0117883,0.00227288,0.00356699,0.00403086,0.00882583,0.00411724,0.0433246,0.0123231,0.0191219,0.0190318,0.0112944,0.00491159,0.00752196,0.0175219,0.01303,0.00697475,0.00337337,0.00230136,0.0198701,0.0105349,0.0174479,0.00720117,0.00411052,0.00621257,0.0120908,0.0115945,0.0252069,0.009686,0.00958899,0.00916092,0.0169165,0.0142598,0.00790494,0.00522056,0.0125823,0.00592273,0.00480781,0.00213968
175,0.0289493,0.0174244,0.0123766,0.0184107,0.0118026,0.00248052,0.00436252,0.00456493,0.00999327,0.00372292,0.0361994,0.0122246,0.0174697,0.0190198,0.0125531,0.00306256,0.00893701,0.0191433,0.0158032,0.00616325,0.00198191,0.00122085,0.0206139,0.00996283,0.0185845,0.00722542,0.00342943,0.00591681,0.0130544,0.0123177,0.0263384,0.00942314,0.0112809,0.00995959,0.018421,0.0156975,0.00820323,0.00465901,0.0163595,0.00578553,0.00479309,0.00158269
176,0.0301652,0.0179693,0.0127071,0.0192899,0.012381,0.00359737,0.00600391,0.00494831,0.011465,0.00413647,0.0279862,0.012242,0.0129396,0.0165861,0.0129282,0.00161367,0.00945543,0.0192389,0.0167308,0.00469485,0.00167472,0.00258529,0.0216466,0.00921964,0.0195414,0.00792705,0.00288671,0.00506138,0.0138319,0.0129983,0.0274826,0.00892843,0.012987,0.0111452,0.0197755,0.0179073,0.00863208,0.00518734,0.0202975,0.00665991,0.00585971,0.00378549
177,0.0305473,0.0185053,0.0134777,0.0202036,0.0123059,0.00511159,0.00831006,0.00571805,0.01284,0.0052376,0.0230067,0.0123195,0.00866816,0.0137387,0.0126183,0.00372461,0.00924726,0.0183671,0.0157329,0.00425054,0.00443785,0.00575275,0.0227545,0.00884605,0.0200982,0.00922592,0.0036356,0.00379574,0.0142831,0.0138291,0.0287412,0.00870895,0.0144219,0.0127595,0.0206996,0.020516,0.00890193,0.00636761,0.0241321,0.00817069,0.00731641,0.00650744
178,0.0299421,0.0189898,0.0146243,0.0209175,0.011727,0.00696182,0.0103323,0.0073781,0.0136694,0.00666691,0.0211702,0.0125476,0.00750111,0.0124165,0.0117711,0.00744545,0.00909111,0.0178416,0.0139484,0.00571489,0.00766781,0.00884605,0.023585,0.00917162,0.0202756,0.0108922,0.00502673,0.00226579,0.0145583,0.0147915,0.0299265,0.00907291,0.0154117,0.0148905,0.0209538,0.0223882,0.009159,0.00736735,0.0273958,0.00958674,0.00858672,0.00881195
179,0.0289188,0.0193859,0.0158305,0.0212004,0.0114349,0.00910191,0.0112016,0.00932177,0.0138299,0.00822286,0.020879,0.0131474,0.0089264,0.0138207,0.0117893,0.0095366,0.00981781,0.0185052,0.0121334,0.00725736,0.0100342,0.0108479,0.0239766,0.0100869,0.0202106,0.0127379,0.00602396,0.000789272,0.0148491,0.0155236,0.0307055,0.00989547,0.0158206,0.0173618,0.0204406,0.0226383,0.00966032,0.00806898,0.029538,0.0105482,0.00945626,0.0101841
180,0.0282056,0.0196861,0.0166994,0.020894,0.0117099,0.0112199,0.0109249,0.010542,0.0135056,0.00962627,0.0213343,0.0142211,0.0109785,0.0167411,0.0131226,0.00955698,0.0113502,0.0198687,0.0110992,0.0081289,0.0107529,0.0114141,0.0240296,0.0109399,0.0199776,0.0144688,0.00646778,0.00109479,0.0152094,0.0156582,0.0309254,0.0109224,0.015631,0.0197179,0.0193002,0.021356,0.0103428,0.00879882,0.0302792,0.0111458,0.00992262,0.0105009
181,0.0280611,0.0199132,0.0169542,0.0199756,0.012186,0.0125093,0.0100805,0.0104542,0.0128303,0.0104252,0.0216677,0.0155625,0.0119551,0.0183485,0.0140119,0.00898453,0.0127336,0.0206839,0.0107997,0.00832242,0.00988307,0.0108486,0.0238714,0.0110717,0.0196308,0.0154051,0.00652664,0.0019197,0.0156517,0.015138,0.0307419,0.0118394,0.015055,0.0214974,0.017902,0.019556,0.0107974,0.0096703,0.0298344,0.011563,0.00990261,0.00998505
182,0.0281821,0.0201335,0.0165871,0.018644,0.0124304,0.0120925,0.00892847,0.00905959,0.0118884,0.0102504,0.0215379,0.016875,0.011489,0.0175968,0.0133499,0.0093059,0.0132886,0.020373,0.0103756,0.00773911,0.00820596,0.00973159,0.0234785,0.0104021,0.0192905,0.014854,0.00631923,0.002317,0.0162393,0.01419,0.0304086,0.0123499,0.0142012,0.0223006,0.0165426,0.0185009,0.0105964,0.0104798,0.0287073,0.0119036,0.00924325,0.00899886
183,0.0282174,0.0203996,0.0158807,0.0172389,0.0121871,0.00986522,0.00750449,0.00687489,0.0110014,0.00915779,0.0210614,0.0179527,0.0104594,0.015588,0.0116144,0.010274,0.0130623,0.019329,0.00933774,0.00653715,0.00658938,0.00859928,0.0227502,0.00940397,0.0191286,0.0130483,0.00584131,0.00285061,0.0169852,0.0130984,0.0301082,0.0125225,0.0130316,0.0218063,0.0151418,0.0185689,0.00953837,0.0109467,0.0273571,0.0122552,0.00799165,0.00784842
184,0.028136,0.0207382,0.0151938,0.0159953,0.0112329,0.00673407,0.00606905,0.00484406,0.0104894,0.00759537,0.020476,0.0186778,0.00964634,0.0137902,0.0097961,0.0110695,0.0125563,0.0181409,0.00769548,0.00554954,0.00547394,0.00770854,0.0216624,0.00866491,0.0192141,0.0111996,0.00504557,0.00393057,0.0177342,0.0121055,0.0298989,0.0126368,0.0117428,0.0199886,0.0135343,0.0188936,0.00773179,0.010861,0.0260396,0.0125829,0.00645958,0.00673965
185,0.0280943,0.0211244,0.0147931,0.0150451,0.00964504,0.00408372,0.00494123,0.0040137,0.0102793,0.00610904,0.0201278,0.0190895,0.00904474,0.0124902,0.00835733,0.0114566,0.0120917,0.0169407,0.00587869,0.0055121,0.00485528,0.00692842,0.0203123,0.00846885,0.0194318,0.0101825,0.00405954,0.00518877,0.0182339,0.0113696,0.0297556,0.0128446,0.0107269,0.0172059,0.012064,0.0184529,0.00567816,0.0102665,0.0249792,0.0126506,0.00499329,0.00578761
186,0.0281702,0.0215133,0.0147348,0.0145762,0.00809507,0.00295365,0.00428127,0.0042278,0.0100764,0.00501277,0.0203137,0.0193711,0.00830041,0.0110514,0.00700819,0.0116126,0.0115698,0.015513,0.00486621,0.00593496,0.00453782,0.00605002,0.0188776,0.00866324,0.0195577,0.00980135,0.00329259,0.00622885,0.0183831,0.0108653,0.0295717,0.0131318,0.010383,0.0140475,0.0111741,0.0168555,0.00418616,0.00954128,0.0244545,0.012291,0.00383039,0.00508634
187,0.0283114,0.0218706,0.0148633,0.014783,0.00744213,0.00295482,0.0040042,0.00446091,0.00972136,0.0042994,0.0208642,0.0196813,0.00726257,0.00928525,0.00531901,0.0117977,0.0108708,0.01372,0.00534436,0.00614079,0.00440099,0.00525918,0.0175441,0.00898494,0.0194107,0.00965571,0.00298719,0.00690197,0.0184394,0.0102715,0.0292174,0.0133205,0.0106956,0.0111964,0.0107432,0.0144129,0.00392104,0.00925249,0.0246701,0.0116003,0.00312331,0.00473943
188,0.0284153,0.0221711,0.0149576,0.0156956,0.00765117,0.00311582,0.00383295,0.00436351,0.00921034,0.0038696,0.0211217,0.0200631,0.00610026,0.00802232,0.00337268,0.0121926,0.0101294,0.0117818,0.00648394,0.00605926,0.00444367,0.00495656,0.0164245,0.00935929,0.018898,0.00965583,0.00285062,0.0072048,0.0189437,0.00912756,0.0286436,0.0132829,0.011253,0.00935654,0.0107598,0.0120457,0.00461063,0.00984777,0.0255354,0.0108109,0.00294081,0.0047664
189,0.0284491,0.0223928,0.0149006,0.0171167,0.00789122,0.00324671,0.00360402,0.00408423,0.00856441,0.00384695,0.02086,0.0204631,0.00522292,0.00801645,0.00238877,0.0127504,0.00954761,0.010168,0.00753664,0.00589648,0.00463541,0.00500832,0.0155368,0.00980804,0.0180132,0.00978264,0.00256829,0.00719369,0.0202489,0.00736972,0.0279949,0.0131374,0.0117934,0.00895895,0.0111037,0.0107991,0.00555817,0.0113576,0.0267082,0.0100943,0.00311642,0.00493767
190,0.0284481,0.0225714,0.014664,0.0187561,0.00778252,0.00345329,0.00333909,0.00388394,0.00780109,0.00435564,0.0206197,0.0208007,0.00531126,0.00865517,0.00331255,0.0132593,0.00922245,0.00928214,0.00833762,0.00576639,0.00484867,0.00488073,0.014849,0.0103068,0.0167677,0.00996728,0.0023068,0.00694133,0.0218752,0.00571456,0.027403,0.0130763,0.0123539,0.00974915,0.0109279,0.0111411,0.00639121,0.0134005,0.0276906,0.00951444,0.00340655,0.00497009
191,0.02848,0.0227443,0.0142687,0.0203602,0.00768236,0.00378589,0.00317082,0.00380188,0.00697486,0.00513445,0.0209704,0.021018,0.00640345,0.00906325,0.00447735,0.0135443,0.00914449,0.00915161,0.0087485,0.00566952,0.00492835,0.00433009,0.0143485,0.0107904,0.0151661,0.0101028,0.00237342,0.0065646,0.0225252,0.00457507,0.0266663,0.0131314,0.0129768,0.0110496,0.00981263,0.0127221,0.00720234,0.0155248,0.0280034,0.00910947,0.00369448,0.00471094
192,0.0286101,0.0228312,0.0137528,0.0217345,0.00768731,0.00410008,0.00334851,0.00369158,0.00621418,0.00565944,0.0219462,0.0210749,0.00773761,0.00903928,0.00545694,0.0135567,0.0092414,0.00944341,0.00850035,0.00561525,0.00485139,0.00363955,0.0140629,0.0111105,0.0132299,0.0101061,0.00268283,0.00623691,0.0211985,0.00395007,0.0252254,0.0131443,0.0135567,0.0122453,0.00825551,0.0146761,0.0082859,0.0174109,0.0272294,0.00894041,0.00400804,0.00416219
193,0.02888,0.0226111,0.0131666,0.02273,0.00693278,0.00416574,0.0040293,0.0036934,0.00567677,0.00567922,0.0232295,0.0209456,0.00871715,0.00881545,0.00662417,0.013345,0.00928791,0.00977541,0.00747432,0.00565292,0.0048248,0.00352346,0.0140252,0.0110384,0.0110534,0.00995745,0.00315681,0.00614898,0.0183281,0.00525551,0.0225336,0.0129305,0.0139509,0.0128242,0.00701352,0.0163199,0.00941199,0.0188613,0.0249671,0.00905976,0.00442048,0.00347624
194,0.0292753,0.0219109,0.0125793,0.0232667,0.00511734,0.00388215,0.00508752,0.0041731,0.0054623,0.00543225,0.024409,0.0206476,0.00896983,0.00863418,0.0082096,0.0130616,0.00905288,0.0100869,0.00606399,0.00581502,0.005159,0.00432214,0.014214,0.0104838,0.00884765,0.00968348,0.00372692,0.00640918,0.0155666,0.00716747,0.0184248,0.0124854,0.0140533,0.012393,0.00650752,0.0172747,0.0100002,0.0196671,0.020932,0.00946494,0.0049539,0.00298142
195,0.0297196,0.0208341,0.0120713,0.0233347,0.00480249,0.00337665,0.00627465,0.00499311,0.00556533,0.00521081,0.0251101,0.0202384,0.00825145,0.00874421,0.00993543,0.0129967,0.00871169,0.0104844,0.00535022,0.0061211,0.0059395,0.00558004,0.0145361,0.009706,0.00703879,0.00932046,0.00418032,0.00695682,0.0143479,0.00768299,0.0133806,0.012015,0.0137688,0.010864,0.00671181,0.01703,0.00989444,0.0194662,0.0153107,0.0100969,0.00555078,0.00293729
196,0.0301053,0.0197359,0.0117208,0.0229451,0.00703125,0.00293847,0.00735004,0.00568645,0.00586683,0.00508996,0.0251386,0.0197623,0.00660576,0.00966369,0.0110877,0.0134108,0.00861214,0.0106107,0.00627336,0.00658823,0.00694409,0.00687607,0.0148636,0.00920159,0.00629881,0.00890893,0.00448747,0.00759972,0.0147337,0.00695234,0.00942913,0.0117322,0.0130755,0.00863626,0.00738729,0.0151984,0.00923788,0.0178949,0.00910893,0.0108689,0.00612206,0.00329411
197,0.030323,0.0189558,0.0115813,0.0220989,0.00914272,0.0027816,0.00814864,0.00601389,0.00619122,0.0051487,0.024571,0.0192186,0.00443793,0.0113698,0.0110695,0.0141395,0.00851221,0.00981215,0.00837707,0.00716155,0.0079107,0.00801575,0.0150737,0.0093004,0.00685916,0.0085211,0.00472639,0.00814179,0.0156948,0.00620656,0.0108548,0.0116165,0.0122383,0.00669578,0.00819113,0.012184,0.008056,0.0150798,0.00499557,0.0116779,0.00662697,0.00403355
198,0.0302823,0.0185978,0.0116723,0.0208098,0.011465,0.00283259,0.00863703,0.00599139,0.00641813,0.00550383,0.023724,0.0185989,0.00233638,0.0128527,0.0100176,0.0146331,0.00796837,0.00825047,0.0109429,0.00769956,0.00871778,0.00891256,0.0150765,0.00992986,0.0079108,0.00826493,0.00486996,0.00848893,0.0162671,0.00618278,0.0164222,0.0113223,0.0118748,0.0064295,0.00873895,0.00922062,0.00676699,0.0121092,0.00720492,0.0124092,0.00709822,0.00500958
199,0.0299587,0.0185438,0.01196,0.0191144,0.0144132,0.00289572,0.00887737,0.00573783,0.00655332,0.00622969,0.0228676,0.017923,0.0009498,0.0131283,0.00879958,0.0145032,0.007217,0.0075771,0.0133715,0.00809255,0.00937131,0.00954512,0.0148603,0.0108004,0.0085372,0.00824593,0.00487444,0.00865806,0.0162111,0.00667348,0.0220506,0.0104706,0.0124387,0.00811651,0.00887951,0.00753232,0.00647389,0.0112768,0.0115913,0.0129419,0.00757194,0.00581645
200,0.0294072,0.0186124,0.0123533,0.0170799,0.0165673,0.0029049,0.00897082,0.00538838,0.00671551,0.00723957,0.022032,0.0172365,0.00131188,0.0118681,0.00829861,0.013851,0.00693752,0.00884768,0.0149632,0.00841633,0.00995647,0.00998659,0.01451,0.0117088,0.00825604,0.00850291,0.00474618,0.00871388,0.0157858,0.00722305,0.0258688,0.00935547,0.0135543,0.0106282,0.00885504,0.00708198,0.00761914,0.0140423,0.0154639,0.0131754,0.00801517,0.00618348
201,0.0287529,0.0186638,0.0127334,0.0148076,0.0169503,0.00291748,0.00898086,0.00501817,0.00704365,0.00829231,0.0214656,0.016576,0.00230699,0.00937055,0.00868526,0.0130528,0.00725585,0.0105441,0.0152954,0.00889824,0.0105691,0.0103737,0.0141836,0.0126422,0.00722801,0.00897008,0.00452231,0.00869166,0.0152162,0.00773634,0.0273204,0.00880558,0.0144337,0.0130119,0.00919176,0.00695402,0.00945207,0.0182765,0.0181906,0.0130866,0.00834414,0.00612747
202,0.0281623,0.0186196,0.0129988,0.012486,0.0160075,0.0029203,0.00892019,0.00464607,0.00759198,0.00920174,0.0220415,0.0159835,0.00335465,0.00639505,0.00970913,0.0123845,0.00768173,0.0114721,0.0147159,0.00966045,0.0112237,0.010802,0.0140418,0.0135116,0.00737043,0.00950286,0.0042455,0.00856307,0.0144735,0.00836474,0.0271109,0.0089098,0.0145897,0.0147388,0.0102648,0.00679971,0.0112211,0.0213671,0.0196714,0.0127954,0.00853449,0.00580756
203,0.0277488,0.0185211,0.0131036,0.0104656,0.0151122,0.00275048,0.00893076,0.00447188,0.00837524,0.00992398,0.0249852,0.0155203,0.00448597,0.00422566,0.0115719,0.0120067,0.00776977,0.0114923,0.0150106,0.0106572,0.0118796,0.0113324,0.0141071,0.0139793,0.0110817,0.00998631,0.00389573,0.00821857,0.0133862,0.00915358,0.0270563,0.00905177,0.0139822,0.015782,0.0120229,0.00712811,0.0125623,0.0221345,0.0203286,0.0125023,0.00865451,0.00535173
204,0.0275277,0.0184989,0.0130298,0.00917915,0.0166438,0.00245134,0.00923251,0.0049541,0.00942393,0.0105183,0.0317833,0.0152173,0.00607267,0.00497651,0.0152403,0.0121036,0.00730408,0.010786,0.0203033,0.0118317,0.0125151,0.0120274,0.0142806,0.0138036,0.0173047,0.0104262,0.00345412,0.00754985,0.011831,0.0101199,0.0288915,0.00886609,0.012792,0.0164694,0.0142407,0.00862696,0.0133579,0.0204792,0.0207521,0.0123837,0.00881807,0.00494408
