<OpenSimDocument Version="40000">
    <ExternalLoads name="DJ5">
        <objects>
            <ExternalForce name="ForcePlate_calcn_r">
                <applied_to_body>calcn_r</applied_to_body>
                <force_expressed_in_body>ground</force_expressed_in_body>
                <point_expressed_in_body>ground</point_expressed_in_body>
                <force_identifier>ground_force_calcn_r_v</force_identifier>
                <point_identifier>ground_force_calcn_r_p</point_identifier>
                <torque_identifier>ground_force_calcn_r_m</torque_identifier>
            </ExternalForce>
            <ExternalForce name="ForcePlate_calcn_l">
                <applied_to_body>calcn_l</applied_to_body>
                <force_expressed_in_body>ground</force_expressed_in_body>
                <point_expressed_in_body>ground</point_expressed_in_body>
                <force_identifier>ground_force_calcn_l_v</force_identifier>
                <point_identifier>ground_force_calcn_l_p</point_identifier>
                <torque_identifier>ground_force_calcn_l_m</torque_identifier>
            </ExternalForce>
        </objects>
        <datafile>DJ5_grf.mot</datafile>
    </ExternalLoads>
</OpenSimDocument>
