<OpenSimDocument Version="40000">
    <InverseDynamicsTool name="run500">
        <model_file>../Models/final.osim</model_file>
        <forces_to_exclude>Muscles</forces_to_exclude>
        <time_range> 0.400000 2.210000</time_range>
        <external_loads_file>run500_external_forces.xml</external_loads_file>
        <coordinates_file>../IK/run500_ik.mot</coordinates_file>
        <output_gen_force_file>run500_osim_id.sto</output_gen_force_file>
        <joints_to_report_body_forces/>
        <output_body_forces_file>run500_osim_id_body_forces.sto</output_body_forces_file>
    </InverseDynamicsTool>
</OpenSimDocument>
